{"train_loss_per_position": [0.001045889570377767, 0.001003293669782579, 0.001041614799760282, 0.0010221708798781037, 0.001043120981194079, 0.0010126590495929122, 0.0010416804580017924, 0.0010068981209769845, 0.0010457986500114202, 0.0010086101246997714], "train_loss_mean": 0.0010271735955029726, "test_loss_per_position": [0.0010262951254844666, 0.001027256133966148, 0.001026462996378541, 0.0010265029268339276, 0.0010252794018015265, 0.001024690573103726, 0.0010256303939968348, 0.0010253287618979812, 0.0010246713645756245, 0.0010254187509417534], "test_loss_mean": 0.0010257536778226495, "_timestamp": 1706575661.09714, "_runtime": 74.43894004821777, "_step": 199, "_wandb": {"runtime": 73}}