{"train_loss_per_position": [0.7022854089736938, 0.6840118765830994, 0.7022445797920227, 0.6839938163757324, 0.7023122906684875, 0.684026837348938, 0.7022814750671387, 0.6840218305587769, 0.7022775411605835, 0.6840200424194336], "train_loss_mean": 0.693147599697113, "test_loss_per_position": [0.693150520324707, 0.6931588649749756, 0.6931226253509521, 0.6931476593017578, 0.6931672096252441, 0.6931532621383667, 0.6931393146514893, 0.6931393146514893, 0.6931421756744385, 0.6931560635566711], "test_loss_mean": 0.6931477189064026, "test_loss_initial": 0.693150520324707, "test_loss_end": 0.6931560635566711, "percent_initial_loss": 1.000004768371582, "percent_end_loss": 1.3771202564239502, "_timestamp": 1706638442.667014, "_runtime": 1644.2850148677826, "_step": 9999, "_wandb": {"runtime": 1638}}