{"train_loss_per_position": [0.8013341426849365, 0.7638713121414185, 0.7403459548950195, 0.8184800148010254, 0.8329949378967285, 0.8238176107406616, 0.7990046739578247, 1.0032756328582764, 0.9320944547653198, 0.8713563680648804], "train_loss_mean": 0.8386574983596802, "test_loss_per_position": [0.800454318523407, 0.7611163258552551, 0.744328498840332, 0.8182673454284668, 0.8405677080154419, 0.812588095664978, 0.8056700825691223, 1.0034044981002808, 0.9418461322784424, 0.8721790313720703], "test_loss_mean": 0.840042233467102, "test_loss_initial": 0.800454318523407, "test_loss_end": 0.8721790313720703, "percent_initial_loss": 1.1548115015029907, "percent_end_loss": 1.7327921390533447, "_timestamp": 1706600572.068199, "_runtime": 510.7771170139313, "_step": 9999, "_wandb": {"runtime": 510}}