{"train_loss_per_position": [551712849920.0, 574074781696.0, 525316980736.0, 676260741120.0, 381019553792.0, 759339483136.0, 450894626816.0, 621600178176.0, 458468392960.0, 523418435584.0], "train_loss_mean": 552210661376.0, "test_loss_per_position": [538519633920.0, 545175109632.0, 604474572800.0, 566626287616.0, 508834021376.0, 528480567296.0, 532437041152.0, 544598228992.0, 575333990400.0, 523034165248.0], "test_loss_mean": 546751381504.0, "test_loss_initial": 551712849920.0, "test_loss_end": 523418435584.0, "percent_initial_loss": 795953397760.0, "percent_end_loss": 1039895822336.0, "_timestamp": 1706585689.2491589, "_runtime": 87.02706694602966, "_step": 999, "_wandb": {"runtime": 86}}