{"train_loss_per_position": [0.6939619779586792, 0.6463192701339722, 0.6358761787414551, 0.6145891547203064, 0.5856124758720398, 0.5829225182533264, 0.5404506325721741, 0.5352187156677246, 0.52196204662323, 0.5085227489471436], "train_loss_mean": 0.5865435600280762, "test_loss_per_position": [0.6943931579589844, 0.653045654296875, 0.642543613910675, 0.6110196709632874, 0.588810920715332, 0.5791677236557007, 0.5443129539489746, 0.537099301815033, 0.5182205438613892, 0.5212186574935913], "test_loss_mean": 0.5889832377433777, "test_loss_initial": 0.6943931579589844, "test_loss_end": 0.5212186574935913, "percent_initial_loss": 1.0017975568771362, "percent_end_loss": 1.0355254411697388, "_timestamp": 1706598183.658975, "_runtime": 3831.2012219429016, "_step": 9999, "_wandb": {"runtime": 3830}}