{"train_loss_per_position": [0.6950356364250183, 0.6918100118637085, 0.693507194519043, 0.6922842264175415, 0.6937216520309448, 0.6929581165313721, 0.6925410032272339, 0.6910526156425476, 0.6934229135513306, 0.6924101710319519], "train_loss_mean": 0.0010249620536342263, "test_loss_per_position": [0.6940375566482544, 0.6920673847198486, 0.6923434734344482, 0.6927703619003296, 0.6921184659004211, 0.6929890513420105, 0.6922519207000732, 0.6927741169929504, 0.6936659216880798, 0.6930296421051025], "test_loss_mean": 0.0010248591424897313, "test_loss_initial": 0.6950356364250183, "test_loss_end": 0.6924101710319519, "percent_initial_loss": 1.0027244091033936, "percent_end_loss": 1.3756383657455444, "_timestamp": 1706576531.852065, "_runtime": 18.049426078796387, "_step": 199, "_wandb": {"runtime": 17}}