{"train_loss_per_position": [0.6814382672309875, 0.7502389550209045, 0.6912519931793213, 0.7270687818527222, 0.6868917942047119, 0.7523441314697266, 0.6851165294647217, 0.7481062412261963, 0.6748071908950806, 0.7314136028289795], "train_loss_mean": 0.00105453806463629, "test_loss_per_position": [0.7098372578620911, 0.7059892416000366, 0.7228872179985046, 0.7076606750488281, 0.697705864906311, 0.7068952322006226, 0.70924973487854, 0.7089858055114746, 0.6997287273406982, 0.6975585222244263], "test_loss_mean": 0.001045340090058744, "test_loss_initial": 0.6814382672309875, "test_loss_end": 0.7314136028289795, "percent_initial_loss": 0.9831075668334961, "percent_end_loss": 1.4531279802322388, "_timestamp": 1706576702.947959, "_runtime": 5.151058912277222, "_step": 199, "_wandb": {"runtime": 4}}