{"train_loss_per_position": [0.6934173107147217, 0.6909216642379761, 0.691559910774231, 0.6914695501327515, 0.6912825107574463, 0.693203330039978, 0.6924924850463867, 0.6933200359344482, 0.6924096345901489, 0.6922563910484314], "train_loss_mean": 0.6922332644462585, "test_loss_per_position": [0.6933177709579468, 0.6913282871246338, 0.6915706396102905, 0.6924527883529663, 0.6923030614852905, 0.6924561262130737, 0.6924653649330139, 0.69284987449646, 0.6926990747451782, 0.6928525567054749], "test_loss_mean": 0.6924295425415039, "test_loss_initial": 0.6934173107147217, "test_loss_end": 0.6922563910484314, "percent_initial_loss": 1.0003896951675415, "percent_end_loss": 1.3753328323364258, "_timestamp": 1706589374.9424472, "_runtime": 49.02843713760376, "_step": 999, "_wandb": {"runtime": 48}}