{"train_loss_per_position": [0.6660317778587341, 0.7201757431030273, 0.6661314964294434, 0.7202671766281128, 0.6661231517791748, 0.7201840877532959, 0.6659319996833801, 0.7200676798820496, 0.6661232113838196, 0.7201008796691895], "train_loss_mean": 0.6931137442588806, "test_loss_per_position": [0.6931439638137817, 0.6931273937225342, 0.6931993961334229, 0.6931495070457458, 0.6931107044219971, 0.6931384801864624, 0.6931661367416382, 0.6931661367416382, 0.6931606531143188, 0.6931328773498535], "test_loss_mean": 0.6931495070457458, "test_loss_initial": 0.6660317778587341, "test_loss_end": 0.7201008796691895, "percent_initial_loss": 0.9608807563781738, "percent_end_loss": 1.4306524991989136, "_timestamp": 1706578274.9760928, "_runtime": 101.00258183479309, "_step": 999, "_wandb": {"runtime": 100}}