{"train_loss_per_position": [0.9872263669967651, 0.7860493659973145, 0.7031855583190918, 0.7569127082824707, 0.6649516820907593, 0.8203755617141724, 0.6692020893096924, 0.7412258386611938, 0.6800414323806763, 0.7423011064529419], "train_loss_mean": 0.7551471590995789, "test_loss_per_position": [1.0333815813064575, 0.7323484420776367, 0.7327051162719727, 0.7240240573883057, 0.7019940614700317, 0.7914174199104309, 0.704497218132019, 0.7052316665649414, 0.715156078338623, 0.715039849281311], "test_loss_mean": 0.7555795907974243, "test_loss_initial": 1.0333815813064575, "test_loss_end": 0.715039849281311, "percent_initial_loss": 1.4908545017242432, "percent_end_loss": 1.4205975532531738, "_timestamp": 1706602204.186194, "_runtime": 315.7520878314972, "_step": 9999, "_wandb": {"runtime": 315}}