{"train_loss_per_position": [0.7265582084655762, 0.6593458652496338, 0.7269005179405212, 0.6609551906585693, 0.7265405654907227, 0.6615741848945618, 0.7268239259719849, 0.6615327596664429, 0.728741466999054, 0.6555072069168091], "train_loss_mean": 0.0010258106049150229, "test_loss_per_position": [0.6945782899856567, 0.6928807497024536, 0.6947334408760071, 0.6937682032585144, 0.6931665539741516, 0.6936902403831482, 0.6933594942092896, 0.6931793689727783, 0.6940014362335205, 0.6941219568252563], "test_loss_mean": 0.0010262543801218271, "test_loss_initial": 0.7265582084655762, "test_loss_end": 0.6555072069168091, "_timestamp": 1706576152.4226298, "_runtime": 9.524320840835571, "_step": 199, "_wandb": {"runtime": 9}}