{"train_loss_per_position": [0.7201939225196838, 0.6659762859344482, 0.7204458713531494, 0.6652206182479858, 0.7206348180770874, 0.6662282347679138, 0.7200679779052734, 0.667172908782959, 0.7203198671340942, 0.6665431261062622], "train_loss_mean": 0.6932803392410278, "test_loss_per_position": [0.6932005882263184, 0.6932635307312012, 0.6929906606674194, 0.6931796073913574, 0.6933265328407288, 0.6932215690612793, 0.6931166052818298, 0.6931166052818298, 0.6931376457214355, 0.693242609500885], "test_loss_mean": 0.6931796073913574, "test_loss_initial": 0.7201939225196838, "test_loss_end": 0.6665431261062622, "percent_initial_loss": 1.0390201807022095, "percent_end_loss": 1.3242472410202026, "_timestamp": 1706588141.190472, "_runtime": 30.61644697189331, "_step": 999, "_wandb": {"runtime": 27}}