{"train_loss_per_position": [0.7107130289077759, 0.6419267654418945, 0.6679064035415649, 0.6358526945114136, 0.6419886350631714, 0.6222049593925476, 0.6348520517349243, 0.6154221296310425, 0.6302785873413086, 0.6129475235939026], "train_loss_mean": 0.6414093375205994, "test_loss_per_position": [0.6955549120903015, 0.6560198068618774, 0.649162232875824, 0.6456534266471863, 0.6332615613937378, 0.6386989951133728, 0.6307754516601562, 0.6267436742782593, 0.6220300197601318, 0.6302322149276733], "test_loss_mean": 0.6428132653236389, "test_loss_initial": 0.6955549120903015, "test_loss_end": 0.6302322149276733, "percent_initial_loss": 1.0034736394882202, "percent_end_loss": 1.2521069049835205, "_timestamp": 1706600052.904541, "_runtime": 1863.4304990768433, "_step": 9999, "_wandb": {"runtime": 1863}}