{"train_loss_per_position": [0.6951985359191895, 0.6542541980743408, 0.6391497850418091, 0.6162680387496948, 0.5927883386611938, 0.5843058824539185, 0.5593867897987366, 0.5481537580490112, 0.5189083814620972, 0.5121597051620483], "train_loss_mean": 0.5920573472976685, "test_loss_per_position": [0.6940525770187378, 0.6538821458816528, 0.6429858803749084, 0.6104927062988281, 0.5965454578399658, 0.5870879292488098, 0.551052451133728, 0.5517131090164185, 0.5273367762565613, 0.5163514614105225], "test_loss_mean": 0.5931500792503357, "test_loss_initial": 0.6940525770187378, "test_loss_end": 0.5163514614105225, "percent_initial_loss": 1.001306176185608, "percent_end_loss": 1.0258556604385376, "_timestamp": 1706594344.661362, "_runtime": 753.9465370178223, "_step": 9999, "_wandb": {"runtime": 753}}