{"train_loss_per_position": [0.6951817870140076, 0.6505031585693359, 0.6526560187339783, 0.6287940144538879, 0.626018762588501, 0.6422125697135925, 0.6361666917800903, 0.6338352560997009, 0.6265541911125183, 0.6476618647575378], "train_loss_mean": 0.6439585089683533, "test_loss_per_position": [0.6939831376075745, 0.6535939574241638, 0.6515665054321289, 0.6293208599090576, 0.6205907464027405, 0.6427974104881287, 0.6407606601715088, 0.6380162239074707, 0.6276242733001709, 0.651938259601593], "test_loss_mean": 0.6450192332267761, "test_loss_initial": 0.6939831376075745, "test_loss_end": 0.651938259601593, "percent_initial_loss": 1.0012060403823853, "percent_end_loss": 1.2952312231063843, "_timestamp": 1706609941.0967848, "_runtime": 2617.967767715454, "_step": 9999, "_wandb": {"runtime": 2617}}