{"train_loss_per_position": [1.058640480041504, 1.0127571821212769, 0.929511308670044, 0.9396016597747803, 0.881007194519043, 0.8676637411117554, 0.9358801245689392, 0.9016631245613098, 0.8595517873764038, 0.8639805316925049], "train_loss_mean": 0.9250257611274719, "test_loss_per_position": [1.0716922283172607, 1.0105745792388916, 0.9403481483459473, 0.927388608455658, 0.8815449476242065, 0.8646553158760071, 0.9403641819953918, 0.8928570747375488, 0.8653548955917358, 0.852806568145752], "test_loss_mean": 0.9247587323188782, "test_loss_initial": 1.0716922283172607, "test_loss_end": 0.852806568145752, "percent_initial_loss": 1.546125054359436, "percent_end_loss": 1.69430410861969, "_timestamp": 1706632581.9280179, "_runtime": 1052.7349438667297, "_step": 9999, "_wandb": {"runtime": 1052}}