{"train_loss_per_position": [0.7035195827484131, 0.6824966669082642, 0.7031161189079285, 0.6829047799110413, 0.7040430307388306, 0.68180251121521, 0.7042754292488098, 0.6823230981826782, 0.7039854526519775, 0.6824387311935425], "train_loss_mean": 0.693090558052063, "test_loss_per_position": [0.6931443214416504, 0.693115234375, 0.6932408809661865, 0.6931541562080383, 0.6930863857269287, 0.6931348443031311, 0.6931830048561096, 0.6931829452514648, 0.6931735277175903, 0.6931250095367432], "test_loss_mean": 0.6931540369987488, "test_loss_initial": 0.6931443214416504, "test_loss_end": 0.6931250095367432, "percent_initial_loss": 0.9999958872795105, "percent_end_loss": 1.377058506011963, "_timestamp": 1706616904.463309, "_runtime": 5344.303034067154, "_step": 9999, "_wandb": {"runtime": 5343}}