{"train_loss_per_position": [0.7202516794204712, 0.6730614900588989, 0.6610974073410034, 0.5661993026733398, 0.6668254137039185, 0.6432924270629883, 0.720583975315094, 0.6796249747276306, 0.6867512464523315, 0.6570883989334106], "train_loss_mean": 0.6674776077270508, "test_loss_per_position": [0.6934818029403687, 0.6562939286231995, 0.6478392481803894, 0.6496994495391846, 0.6603014469146729, 0.6799601912498474, 0.6880194544792175, 0.6947363018989563, 0.6705227494239807, 0.6877138614654541], "test_loss_mean": 0.6728568077087402, "test_loss_initial": 0.6934818029403687, "test_loss_end": 0.6877138614654541, "percent_initial_loss": 1.0004827976226807, "percent_end_loss": 1.3663079738616943, "_timestamp": 1706630517.1222122, "_runtime": 206.79614305496216, "_step": 9999, "_wandb": {"runtime": 206}}