{"train_loss_per_position": [0.6968696117401123, 0.6894240379333496, 0.6968683004379272, 0.6894245147705078, 0.696871817111969, 0.6894258856773376, 0.696868896484375, 0.6894257664680481, 0.6968676447868347, 0.6894246339797974], "train_loss_mean": 0.6931471228599548, "test_loss_per_position": [0.6931474208831787, 0.6931480765342712, 0.6931450963020325, 0.6931471824645996, 0.6931487917900085, 0.6931476593017578, 0.6931464672088623, 0.6931464672088623, 0.6931467056274414, 0.6931478977203369], "test_loss_mean": 0.6931471824645996, "test_loss_initial": 0.6931474208831787, "test_loss_end": 0.6931478977203369, "percent_initial_loss": 1.0000003576278687, "percent_end_loss": 1.3771040439605713, "_timestamp": 1706629833.1605482, "_runtime": 11095.936265230179, "_step": 9999, "_wandb": {"runtime": 11095}}