{"train_loss_per_position": [0.688720166683197, 0.6393882632255554, 0.6570159196853638, 0.608079195022583, 0.5732547044754028, 0.6384047865867615, 0.54670250415802, 0.5793256759643555, 0.5481554865837097, 0.5385593175888062], "train_loss_mean": 0.6017605662345886, "test_loss_per_position": [0.6972236037254333, 0.6572170853614807, 0.6458202600479126, 0.6213202476501465, 0.5957627296447754, 0.587234377861023, 0.569075882434845, 0.5748180150985718, 0.5341825485229492, 0.5500634908676147], "test_loss_mean": 0.6032719016075134, "test_loss_initial": 0.6972236037254333, "test_loss_end": 0.5500634908676147, "percent_initial_loss": 1.0058810710906982, "percent_end_loss": 1.0928325653076172, "_timestamp": 1706643589.9312289, "_runtime": 1146.714703798294, "_step": 9999, "_wandb": {"runtime": 1145}}