{"train_loss_per_position": [98864464.0, 135997312.0, 141914144.0, 149249440.0, 78022952.0, 101906312.0, 80700064.0, 106965840.0, 86826992.0, 181403520.0], "train_loss_mean": 116185104.0, "test_loss_per_position": [110717600.0, 126662904.0, 160034768.0, 131115184.0, 86717360.0, 86910008.0, 86062072.0, 100997960.0, 99736000.0, 150504368.0], "test_loss_mean": 113945832.0, "test_loss_initial": 98864464.0, "test_loss_end": 181403520.0, "percent_initial_loss": 142631264.0, "percent_end_loss": 360401440.0, "_timestamp": 1706588398.581436, "_runtime": 47.474371910095215, "_step": 999, "_wandb": {"runtime": 46}}