{"train_loss_per_position": [0.7580869793891907, 0.6283125281333923, 0.758517861366272, 0.6285040378570557, 0.7583742141723633, 0.628025233745575, 0.7583742737770081, 0.6284083127975464, 0.7579911947250366, 0.6285519599914551], "train_loss_mean": 0.6933147311210632, "test_loss_per_position": [0.6931439638137817, 0.693120002746582, 0.6932237148284912, 0.6931519508361816, 0.6930961012840271, 0.6931359767913818, 0.6931758522987366, 0.6931759119033813, 0.6931679248809814, 0.6931279897689819], "test_loss_mean": 0.6931518912315369, "test_loss_initial": 0.6931439638137817, "test_loss_end": 0.6931279897689819, "percent_initial_loss": 0.9999953508377075, "percent_end_loss": 1.3770644664764404, "_timestamp": 1706636790.336611, "_runtime": 204.20752096176147, "_step": 9999, "_wandb": {"runtime": 206}}