{"train_loss_per_position": [6.974687099456787, 63.14512252807617, 49.52409744262695, 91.69645690917969, 105.74179077148438, 225.84796142578125, 174.66659545898438, 324.7562255859375, 203.97177124023438, 213.1583709716797], "train_loss_mean": 0.21589985489845276, "test_loss_per_position": [9.158014297485352, 53.36994934082031, 46.594215393066406, 82.17192840576172, 114.747802734375, 205.6568145751953, 182.05233764648438, 242.8780059814453, 185.89187622070312, 235.48440551757812], "test_loss_mean": 0.20088836550712585, "test_loss_initial": 6.974687099456787, "test_loss_end": 213.1583709716797, "_timestamp": 1706575979.736005, "_runtime": 7.143915176391602, "_step": 199, "_wandb": {"runtime": 5}}