{"train_loss_per_position": [9209991168.0, 9627969536.0, 8614425600.0, 10036715520.0, 10215041024.0, 9342732288.0, 9419259904.0, 8757962752.0, 9400934400.0, 9705351168.0], "train_loss_mean": 9433037824.0, "test_loss_per_position": [9139769344.0, 9191770112.0, 8848269312.0, 9192534016.0, 9256316928.0, 9035486208.0, 9060264960.0, 9142061056.0, 9009270784.0, 9189373952.0], "test_loss_mean": 9106511872.0, "test_loss_initial": 9209991168.0, "test_loss_end": 9705351168.0, "percent_initial_loss": 13287207936.0, "percent_end_loss": 19281999872.0, "_timestamp": 1706588101.915385, "_runtime": 1314.6481699943542, "_step": 999, "_wandb": {"runtime": 1313}}