{"train_loss_per_position": [0.6819961667060852, 0.6766437888145447, 0.6260367631912231, 0.6654379367828369, 0.6539366841316223, 0.7030926942825317, 0.6321367025375366, 0.6751768589019775, 0.626594603061676, 0.6652740240097046], "train_loss_mean": 0.6606326103210449, "test_loss_per_position": [0.6980380415916443, 0.6568170785903931, 0.6610960960388184, 0.6392170190811157, 0.6651180982589722, 0.6834101676940918, 0.6493977904319763, 0.6590313911437988, 0.6560484170913696, 0.6560235023498535], "test_loss_mean": 0.6624197959899902, "test_loss_initial": 0.6980380415916443, "test_loss_end": 0.6560235023498535, "percent_initial_loss": 1.0070559978485107, "percent_end_loss": 1.3033474683761597, "_timestamp": 1706650416.924433, "_runtime": 745.9805700778961, "_step": 9999, "_wandb": {"runtime": 744}}