{"train_loss_per_position": [7444138819584.0, 8267658428416.0, 8506245120000.0, 7214423605248.0, 7909121458176.0, 8030201053184.0, 7232814579712.0, 7861424881664.0, 7223633248256.0, 7986250514432.0], "train_loss_mean": 7767590961152.0, "test_loss_per_position": [7802705674240.0, 7654477922304.0, 7438771159040.0, 7768895913984.0, 7726158577664.0, 7638222897152.0, 7656180285440.0, 7680865861632.0, 7719023542272.0, 7875977019392.0], "test_loss_mean": 7696127885312.0, "test_loss_initial": 7444138819584.0, "test_loss_end": 7986250514432.0, "percent_initial_loss": 10739622346752.0, "percent_end_loss": 15866595901440.0, "_timestamp": 1706588334.199853, "_runtime": 101.21723890304565, "_step": 999, "_wandb": {"runtime": 100}}