{"train_loss_per_position": [0.6939811706542969, 0.7211726903915405, 0.6967215538024902, 0.7006945013999939, 0.6905288100242615, 0.6967965364456177, 0.7049323320388794, 0.7174091935157776, 0.6913436055183411, 0.7108120918273926], "train_loss_mean": 0.7024392485618591, "test_loss_per_position": [0.6990610361099243, 0.714142382144928, 0.7039145827293396, 0.6968730688095093, 0.6942799091339111, 0.693867564201355, 0.7049255967140198, 0.7088867425918579, 0.6947234272956848, 0.7082369327545166], "test_loss_mean": 0.7018911242485046, "test_loss_initial": 0.6939811706542969, "test_loss_end": 0.7108120918273926, "percent_initial_loss": 1.001203179359436, "percent_end_loss": 1.4121981859207153, "_timestamp": 1706588688.122198, "_runtime": 23.37722611427307, "_step": 999, "_wandb": {"runtime": 23}}