{"train_loss_per_position": [0.6925736665725708, 0.6869538426399231, 0.6864702105522156, 0.6921294927597046, 0.6903437376022339, 0.6920560598373413, 0.689934253692627, 0.6934387683868408, 0.690423309803009, 0.6934546232223511], "train_loss_mean": 0.6907777786254883, "test_loss_per_position": [0.6934844255447388, 0.6870623826980591, 0.6886153221130371, 0.6906667947769165, 0.6906861066818237, 0.6910847425460815, 0.6913695335388184, 0.6923477649688721, 0.6912685632705688, 0.6922693848609924], "test_loss_mean": 0.6908854842185974, "test_loss_initial": 0.6925736665725708, "test_loss_end": 0.6934546232223511, "percent_initial_loss": 0.999172568321228, "percent_end_loss": 1.3777133226394653, "_timestamp": 1706589465.891865, "_runtime": 52.03078889846802, "_step": 999, "_wandb": {"runtime": 51}}