{"train_loss_per_position": [0.6681473851203918, 0.7178803086280823, 0.6680534482002258, 0.7181317806243896, 0.6679991483688354, 0.7180659174919128, 0.6679834127426147, 0.718158483505249, 0.6679806709289551, 0.7181046605110168], "train_loss_mean": 0.6930505037307739, "test_loss_per_position": [0.6931560039520264, 0.6928653717041016, 0.6930948495864868, 0.6930810213088989, 0.6930471658706665, 0.6930370926856995, 0.6930289268493652, 0.6931179761886597, 0.6930258274078369, 0.6930743455886841], "test_loss_mean": 0.6930528879165649, "test_loss_initial": 0.6931560039520264, "test_loss_end": 0.6930743455886841, "percent_initial_loss": 1.000012755393982, "percent_end_loss": 1.376957893371582, "_timestamp": 1706644610.412828, "_runtime": 1012.6255249977112, "_step": 9999, "_wandb": {"runtime": 1012}}