{"train_loss_per_position": [0.6775954365730286, 0.7087575793266296, 0.6775553226470947, 0.7087374925613403, 0.67759770154953, 0.708698570728302, 0.6775375008583069, 0.7086973786354065, 0.6774963140487671, 0.7087408304214478], "train_loss_mean": 0.6931414008140564, "test_loss_per_position": [0.6931557059288025, 0.6931735277175903, 0.6930961608886719, 0.6931498050689697, 0.693191409111023, 0.6931617259979248, 0.6931319236755371, 0.6931319832801819, 0.6931378841400146, 0.6931675672531128], "test_loss_mean": 0.693149745464325, "test_loss_initial": 0.6775954365730286, "test_loss_end": 0.7087408304214478, "percent_initial_loss": 0.9775635600090027, "percent_end_loss": 1.4080830812454224, "_timestamp": 1706579501.0926988, "_runtime": 20.226396799087524, "_step": 999, "_wandb": {"runtime": 19}}