{"train_loss_per_position": [0.7001513242721558, 0.6614512205123901, 0.6910862326622009, 0.6704761385917664, 0.6902841329574585, 0.6709320545196533, 0.697580099105835, 0.6697525382041931, 0.7049362659454346, 0.6774473190307617], "train_loss_mean": 0.6834096908569336, "test_loss_per_position": [0.6940290927886963, 0.6614413261413574, 0.6752661466598511, 0.6805800795555115, 0.6849910020828247, 0.6876969337463379, 0.686966061592102, 0.6905181407928467, 0.6887180805206299, 0.6898295283317566], "test_loss_mean": 0.6840036511421204, "test_loss_initial": 0.7001513242721558, "test_loss_end": 0.6774473190307617, "percent_initial_loss": 1.010104775428772, "percent_end_loss": 1.3459110260009766, "_timestamp": 1706589116.441068, "_runtime": 36.49268984794617, "_step": 999, "_wandb": {"runtime": 36}}