{"train_loss_per_position": [6762495.5, 4519979.0, 5356535.0, 5666805.0, 4946980.5, 3832471.5, 4269604.0, 4858533.0, 4404268.5, 4842376.0], "train_loss_mean": 4946005.0, "test_loss_per_position": [7001878.0, 4580034.0, 5416010.0, 5338711.0, 5130260.5, 3829352.0, 4588127.0, 4732026.0, 4674495.0, 4660843.5], "test_loss_mean": 4995174.0, "test_loss_initial": 6762495.5, "test_loss_end": 4842376.0, "percent_initial_loss": 9756219.0, "percent_end_loss": 9620537.0, "_timestamp": 1706588543.931405, "_runtime": 42.15902495384216, "_step": 999, "_wandb": {"runtime": 41}}