{"train_loss_per_position": [0.0010489874985069036, 0.001128560514189303, 0.0009485153714194894, 0.001133349840529263, 0.0009281037491746247, 0.001153784105554223, 0.0009398279944434762, 0.001157035818323493, 0.0009898939169943333, 0.001138769555836916], "train_loss_mean": 0.0010566829005256295, "test_loss_per_position": [0.0011564987944439054, 0.0010283493902534246, 0.0010317197302356362, 0.0010327326599508524, 0.0010283503215759993, 0.0010472453432157636, 0.0010330717777833343, 0.0010512858862057328, 0.0010952601442113519, 0.0010359205771237612], "test_loss_mean": 0.0010540434159338474, "_timestamp": 1706575368.43732, "_runtime": 22.118560075759888, "_step": 199, "_wandb": {"runtime": 19}}