{"train_loss_per_position": [0.697524905204773, 0.6473983526229858, 0.6480370759963989, 0.6009689569473267, 0.587770938873291, 0.575340747833252, 0.5421342253684998, 0.5203134417533875, 0.5109927654266357, 0.47579389810562134], "train_loss_mean": 0.5806275606155396, "test_loss_per_position": [0.6931498050689697, 0.6527239084243774, 0.6418618559837341, 0.6090271472930908, 0.587561845779419, 0.5736413598060608, 0.537166953086853, 0.5279779434204102, 0.5049456357955933, 0.4912090599536896], "test_loss_mean": 0.5819265246391296, "test_loss_initial": 0.6931498050689697, "test_loss_end": 0.4912090599536896, "percent_initial_loss": 1.0000038146972656, "percent_end_loss": 0.9759042263031006, "_timestamp": 1706642432.794388, "_runtime": 3967.149978160858, "_step": 9999, "_wandb": {"runtime": 3965}}