{"train_loss_per_position": [0.6547679901123047, 0.6838907599449158, 0.6297430992126465, 0.6830512881278992, 0.6217130422592163, 0.7113746404647827, 0.6424760222434998, 0.7339984774589539, 0.6346510648727417, 0.6821749210357666], "train_loss_mean": 0.6677841544151306, "test_loss_per_position": [0.693809449672699, 0.6560428142547607, 0.6640912294387817, 0.6433744430541992, 0.6607319712638855, 0.6708681583404541, 0.6809835433959961, 0.6963061094284058, 0.6723259687423706, 0.6521545648574829], "test_loss_mean": 0.6690688133239746, "test_loss_initial": 0.693809449672699, "test_loss_end": 0.6521545648574829, "percent_initial_loss": 1.0009554624557495, "percent_end_loss": 1.2956609725952148, "_timestamp": 1706630300.967124, "_runtime": 459.1957800388336, "_step": 9999, "_wandb": {"runtime": 458}}