{"train_loss_per_position": [0.7284543514251709, 0.6579583287239075, 0.7281643152236938, 0.6580109596252441, 0.7283028960227966, 0.6580131649971008, 0.7280333042144775, 0.6579699516296387, 0.7285128831863403, 0.6581517457962036], "train_loss_mean": 0.6931571960449219, "test_loss_per_position": [0.6931184530258179, 0.6929968595504761, 0.6929270029067993, 0.6931796073913574, 0.6929725408554077, 0.6931848526000977, 0.6930545568466187, 0.6930950284004211, 0.6932379603385925, 0.6931142807006836], "test_loss_mean": 0.693088173866272, "test_loss_initial": 0.7284543514251709, "test_loss_end": 0.6581517457962036, "percent_initial_loss": 1.0509374141693115, "percent_end_loss": 1.3075758218765259, "_timestamp": 1706589051.148875, "_runtime": 32.21429991722107, "_step": 999, "_wandb": {"runtime": 31}}