{"train_loss_per_position": [0.6328524351119995, 0.7574291229248047, 0.6283330917358398, 0.7628524303436279, 0.6280317306518555, 0.7544162273406982, 0.6301407814025879, 0.7580317258834839, 0.6289356350898743, 0.7532110214233398], "train_loss_mean": 0.6934234499931335, "test_loss_per_position": [0.6933832168579102, 0.6935338973999023, 0.6928811073303223, 0.6933330297470093, 0.6936845779418945, 0.6934335231781006, 0.6931824684143066, 0.6931824684143066, 0.6932326555252075, 0.6934837102890015], "test_loss_mean": 0.693333089351654, "test_loss_initial": 0.6933832168579102, "test_loss_end": 0.6934837102890015, "percent_initial_loss": 1.000340461730957, "percent_end_loss": 1.3777711391448975, "_timestamp": 1706645404.261051, "_runtime": 53.658517837524414, "_step": 751, "_wandb": {"runtime": 51}}