{"train_loss_per_position": [0.701622724533081, 0.6735814213752747, 0.6958615779876709, 0.6744405627250671, 0.691489040851593, 0.6769730448722839, 0.6845582723617554, 0.6633162498474121, 0.6671110391616821, 0.6636256575584412], "train_loss_mean": 0.6792579889297485, "test_loss_per_position": [0.6959941387176514, 0.6787599921226501, 0.6920608878135681, 0.679556667804718, 0.6850578784942627, 0.6802489757537842, 0.6750036478042603, 0.6653369665145874, 0.6569042801856995, 0.6691067218780518], "test_loss_mean": 0.6778030395507812, "test_loss_initial": 0.6959941387176514, "test_loss_end": 0.6691067218780518, "percent_initial_loss": 1.0041072368621826, "percent_end_loss": 1.3293404579162598, "_timestamp": 1706631041.985016, "_runtime": 18.443681001663208, "_step": 289}