{"train_loss_per_position": [0.6924064755439758, 0.6557396650314331, 0.6513819098472595, 0.6606413722038269, 0.6437692642211914, 0.6673081517219543, 0.6446727514266968, 0.6492044925689697, 0.6425508856773376, 0.6501854658126831], "train_loss_mean": 0.6557860374450684, "test_loss_per_position": [0.695145845413208, 0.6549699902534485, 0.6537309885025024, 0.6523791551589966, 0.6499037146568298, 0.6578733325004578, 0.6527320146560669, 0.6493581533432007, 0.644611120223999, 0.6507795453071594], "test_loss_mean": 0.656148374080658, "test_loss_initial": 0.695145845413208, "test_loss_end": 0.6507795453071594, "percent_initial_loss": 1.0028834342956543, "percent_end_loss": 1.2929291725158691, "_timestamp": 1706631523.317075, "_runtime": 499.7757399082184, "_step": 9999, "_wandb": {"runtime": 499}}