{"train_loss_per_position": [478250795008.0, 523244503040.0, 210246893568.0, 355507863552.0, 525496090624.0, 418124890112.0, 513241448448.0, 569212796928.0, 570464731136.0, 552190935040.0], "train_loss_mean": 471598104576.0, "test_loss_per_position": [498120687616.0, 538334724096.0, 211076087808.0, 369365352448.0, 527110438912.0, 418191310848.0, 543275155456.0, 551620837376.0, 578484764672.0, 586330669056.0], "test_loss_mean": 482190983168.0, "test_loss_initial": 478250795008.0, "test_loss_end": 552190935040.0, "percent_initial_loss": 689970020352.0, "percent_end_loss": 1097059270656.0, "_timestamp": 1706579723.613732, "_runtime": 53.80047798156738, "_step": 999, "_wandb": {"runtime": 48}}