{"train_loss_per_position": [0.7132889032363892, 0.671967089176178, 0.7154943943023682, 0.6707640290260315, 0.7156949043273926, 0.6705635786056519, 0.7154943943023682, 0.6721675395965576, 0.7148928642272949, 0.6695610284805298], "train_loss_mean": 0.6929888725280762, "test_loss_per_position": [0.6931960582733154, 0.6930958032608032, 0.6935302019119263, 0.6932294964790344, 0.6929956078529358, 0.6931626796722412, 0.6933297514915466, 0.6933296918869019, 0.6932963132858276, 0.6931291818618774], "test_loss_mean": 0.6932294964790344, "test_loss_initial": 0.7132889032363892, "test_loss_end": 0.6695610284805298, "percent_initial_loss": 1.0290583372116089, "percent_end_loss": 1.3302429914474487, "_timestamp": 1706577834.50177, "_runtime": 64.93370509147644, "_step": 999, "_wandb": {"runtime": 53}}