{"train_loss_per_position": [0.6716293096542358, 0.680168867111206, 0.6076346635818481, 0.6673091053962708, 0.6335365176200867, 0.6672682762145996, 0.637211263179779, 0.7081613540649414, 0.666419267654419, 0.7063218355178833], "train_loss_mean": 0.6645660400390625, "test_loss_per_position": [0.6932163238525391, 0.6533256769180298, 0.6471895575523376, 0.6499820947647095, 0.6483303308486938, 0.6603730320930481, 0.6638997197151184, 0.6695950031280518, 0.6716485023498535, 0.6800272464752197], "test_loss_mean": 0.6637587547302246, "test_loss_initial": 0.6716293096542358, "test_loss_end": 0.7063218355178833, "percent_initial_loss": 0.9689562320709229, "percent_end_loss": 1.4032771587371826, "_timestamp": 1706589308.84889, "_runtime": 28.102252960205078, "_step": 999, "_wandb": {"runtime": 27}}