{"train_loss_per_position": [0.6867157816886902, 0.6995774507522583, 0.6867156028747559, 0.6995804309844971, 0.6867193579673767, 0.699578583240509, 0.6867131590843201, 0.6995790004730225, 0.686713695526123, 0.6995766758918762], "train_loss_mean": 0.6931470036506653, "test_loss_per_position": [0.6931472420692444, 0.693147599697113, 0.6931436657905579, 0.6931473016738892, 0.6931484937667847, 0.6931479573249817, 0.6931461691856384, 0.693146288394928, 0.6931471824645996, 0.6931480169296265], "test_loss_mean": 0.6931470036506653, "test_loss_initial": 0.6867157816886902, "test_loss_end": 0.6995766758918762, "percent_initial_loss": 0.9907214641571045, "percent_end_loss": 1.3898762464523315, "_timestamp": 1706589273.0957, "_runtime": 23.069347143173218, "_step": 999, "_wandb": {"runtime": 18}}