{"train_loss_per_position": [0.6991564631462097, 0.6636396050453186, 0.6940439343452454, 0.6816403865814209, 0.6915901899337769, 0.6821174621582031, 0.6956437826156616, 0.693705141544342, 0.6960849761962891, 0.6878582835197449], "train_loss_mean": 0.6885480284690857, "test_loss_per_position": [0.6946052312850952, 0.6695077419281006, 0.6869135499000549, 0.6860421895980835, 0.6873797178268433, 0.6910872459411621, 0.6917027831077576, 0.6961406469345093, 0.6918777227401733, 0.6941848397254944], "test_loss_mean": 0.6889441609382629, "test_loss_initial": 0.6991564631462097, "test_loss_end": 0.6878582835197449, "percent_initial_loss": 1.0086694955825806, "percent_end_loss": 1.366594910621643, "_timestamp": 1706586305.686068, "_runtime": 44.24388813972473, "_step": 999, "_wandb": {"runtime": 43}}