{"train_loss_per_position": [0.6909346580505371, 0.652117133140564, 0.6505404114723206, 0.6560379862785339, 0.5512535572052002, 0.6636583209037781, 0.656281590461731, 0.6642277240753174, 0.6741392612457275, 0.6617494225502014], "train_loss_mean": 0.6520940661430359, "test_loss_per_position": [0.6931506395339966, 0.6537888050079346, 0.6431679725646973, 0.6346071362495422, 0.6270735859870911, 0.6578278541564941, 0.6655594110488892, 0.6868647336959839, 0.6758601665496826, 0.6665393114089966], "test_loss_mean": 0.6604439616203308, "test_loss_initial": 0.6931506395339966, "test_loss_end": 0.6665393114089966, "percent_initial_loss": 1.0000050067901611, "percent_end_loss": 1.324239730834961, "_timestamp": 1706593583.6508942, "_runtime": 1888.848675251007, "_step": 9999, "_wandb": {"runtime": 1888}}