{"train_loss_per_position": [4.251082420349121, 2.591270685195923, 8.937421798706055, 4.450008392333984, 5.064260482788086, 5.5274128913879395, 14.182782173156738, 7.732679843902588, 5.6505513191223145, 7.202367305755615], "train_loss_mean": 6.55898380279541, "test_loss_per_position": [4.646313190460205, 2.6957716941833496, 9.363302230834961, 4.2152509689331055, 5.44432258605957, 5.5095534324646, 14.426414489746094, 7.251683235168457, 5.574047088623047, 7.205339431762695], "test_loss_mean": 6.633200168609619, "test_loss_initial": 4.251082420349121, "test_loss_end": 7.202367305755615, "percent_initial_loss": 6.1330156326293945, "percent_end_loss": 14.309224128723145, "_timestamp": 1706586679.516041, "_runtime": 15.592656135559082, "_step": 999, "_wandb": {"runtime": 15}}