{"train_loss_per_position": [0.6869305372238159, 0.6962586641311646, 0.6785041093826294, 0.696613073348999, 0.6674858927726746, 0.6947967410087585, 0.6581803560256958, 0.667106032371521, 0.676683783531189, 0.6776871681213379], "train_loss_mean": 0.6800246238708496, "test_loss_per_position": [0.6938671469688416, 0.690632164478302, 0.683832049369812, 0.6911054849624634, 0.6742261648178101, 0.6902811527252197, 0.6701709032058716, 0.6638003587722778, 0.6818618178367615, 0.6730791330337524], "test_loss_mean": 0.6812856793403625, "test_loss_initial": 0.6938671469688416, "test_loss_end": 0.6730791330337524, "percent_initial_loss": 1.001038670539856, "percent_end_loss": 1.3372325897216797, "_timestamp": 1706631014.459727, "_runtime": 491.8658080101013, "_step": 9999, "_wandb": {"runtime": 491}}