{"train_loss_per_position": [0.7155503034591675, 0.6268235445022583, 0.694412887096405, 0.6353372931480408, 0.6979871988296509, 0.6237843036651611, 0.689977765083313, 0.6081929206848145, 0.6837446093559265, 0.6065181493759155], "train_loss_mean": 0.6582328677177429, "test_loss_per_position": [0.6934744119644165, 0.6562365293502808, 0.6716489791870117, 0.6495358943939209, 0.6630620956420898, 0.6471194624900818, 0.6648707389831543, 0.6499528288841248, 0.6623409986495972, 0.639490008354187], "test_loss_mean": 0.6597732305526733, "test_loss_initial": 0.6934744119644165, "test_loss_end": 0.639490008354187, "percent_initial_loss": 1.000472068786621, "percent_end_loss": 1.2704997062683105, "_timestamp": 1706630771.996471, "_runtime": 249.40255188941956, "_step": 4982}