{"train_loss_per_position": [0.6497663259506226, 0.7360034584999084, 0.6495625972747803, 0.7367505431175232, 0.6497663855552673, 0.7359355688095093, 0.6492230296134949, 0.7370222210884094, 0.6494267582893372, 0.7370901107788086], "train_loss_mean": 0.693054735660553, "test_loss_per_position": [0.6931452751159668, 0.6931113004684448, 0.69325852394104, 0.6931565999984741, 0.6930773258209229, 0.6931338906288147, 0.6931905746459961, 0.6931905746459961, 0.6931792497634888, 0.6931226253509521], "test_loss_mean": 0.6931566596031189, "test_loss_initial": 0.6931452751159668, "test_loss_end": 0.6931226253509521, "percent_initial_loss": 0.9999972581863403, "percent_end_loss": 1.3770537376403809, "_timestamp": 1706591635.935606, "_runtime": 484.602224111557, "_step": 6529, "_wandb": {"runtime": 483}}