{"train_loss_per_position": [0.7015870809555054, 0.6845135688781738, 0.7014051675796509, 0.6851038932800293, 0.7007654309272766, 0.6851382851600647, 0.7015242576599121, 0.6850920915603638, 0.7014118432998657, 0.6854663491249084], "train_loss_mean": 0.6932007670402527, "test_loss_per_position": [0.6931866407394409, 0.6930123567581177, 0.6927043199539185, 0.6931209564208984, 0.6928274631500244, 0.6930618286132812, 0.6929192543029785, 0.6930105686187744, 0.6931616067886353, 0.6930649876594543], "test_loss_mean": 0.6930069923400879, "test_loss_initial": 0.7015870809555054, "test_loss_end": 0.6854663491249084, "percent_initial_loss": 1.0121761560440063, "percent_end_loss": 1.3618427515029907, "_timestamp": 1706586558.150995, "_runtime": 68.76054811477661, "_step": 999, "_wandb": {"runtime": 68}}