{"train_loss_per_position": [0.6984391212463379, 0.6875107288360596, 0.6983997225761414, 0.6877122521400452, 0.69844651222229, 0.6877090930938721, 0.6986526250839233, 0.6876637935638428, 0.6985732316970825, 0.6875962615013123], "train_loss_mean": 0.6930703520774841, "test_loss_per_position": [0.6931329965591431, 0.6929725408554077, 0.6928781867027283, 0.6931562423706055, 0.6929116249084473, 0.6931376457214355, 0.6930135488510132, 0.6930812001228333, 0.6932207345962524, 0.6930904984474182], "test_loss_mean": 0.6930595636367798, "test_loss_initial": 0.6984391212463379, "test_loss_end": 0.6875962615013123, "percent_initial_loss": 1.0076346397399902, "percent_end_loss": 1.3660743236541748, "_timestamp": 1706578168.339527, "_runtime": 35.193548917770386, "_step": 999, "_wandb": {"runtime": 34}}