{"train_loss_per_position": [75884371968.0, 43494203392.0, 47072985088.0, 37612707840.0, 30957402112.0, 26849259520.0, 26778263552.0, 24110845952.0, 20386017280.0, 20273381376.0], "train_loss_mean": 35341942784.0, "test_loss_per_position": [82729664512.0, 43476361216.0, 49441824768.0, 36725727232.0, 29362036736.0, 28348805120.0, 23849922560.0, 23861035008.0, 19798581248.0, 20042612736.0], "test_loss_mean": 35763658752.0, "test_loss_initial": 82729664512.0, "test_loss_end": 20042612736.0, "percent_initial_loss": 119353671680.0, "percent_end_loss": 39819440128.0, "_timestamp": 1706590741.740664, "_runtime": 149.83809804916382, "_step": 6306, "_wandb": {"runtime": 149}}