{"train_loss_per_position": [0.6803255081176758, 0.638001561164856, 0.6748710870742798, 0.6695997714996338, 0.6564488410949707, 0.6877318620681763, 0.6381563544273376, 0.7100058197975159, 0.7106711864471436, 0.708281397819519], "train_loss_mean": 0.6774093508720398, "test_loss_per_position": [0.6949918270111084, 0.6621850728988647, 0.6620663404464722, 0.6437852382659912, 0.6528472900390625, 0.6911917924880981, 0.6590338945388794, 0.7142536044120789, 0.6867958903312683, 0.7140296697616577], "test_loss_mean": 0.678118109703064, "test_loss_initial": 0.6803255081176758, "test_loss_end": 0.708281397819519, "percent_initial_loss": 0.9815022349357605, "percent_end_loss": 1.407170295715332, "_timestamp": 1706588976.316163, "_runtime": 19.004925966262817, "_step": 999, "_wandb": {"runtime": 17}}