{"train_loss_per_position": [0.6908450126647949, 0.6600187420845032, 0.6444594860076904, 0.611198902130127, 0.5833464860916138, 0.5748205184936523, 0.5363107323646545, 0.5225458145141602, 0.49717825651168823, 0.4809377193450928], "train_loss_mean": 0.5801661610603333, "test_loss_per_position": [0.6932646632194519, 0.6526174545288086, 0.6418291330337524, 0.6091563701629639, 0.5871481895446777, 0.5722838640213013, 0.5350122451782227, 0.5240926742553711, 0.5000441074371338, 0.4810103476047516], "test_loss_mean": 0.5796459317207336, "test_loss_initial": 0.6932646632194519, "test_loss_end": 0.4810103476047516, "percent_initial_loss": 1.0001695156097412, "percent_end_loss": 0.95564204454422, "_timestamp": 1706651644.801418, "_runtime": 421.8011381626129, "_step": 9999, "_wandb": {"runtime": 421}}