{"train_loss_per_position": [0.7089064121246338, 0.6424450278282166, 0.6672643423080444, 0.6469017863273621, 0.66119384765625, 0.664574146270752, 0.6809778809547424, 0.6688973903656006, 0.7045211791992188, 0.680396556854248], "train_loss_mean": 0.6726078987121582, "test_loss_per_position": [0.696914792060852, 0.6571091413497925, 0.656879186630249, 0.6584451794624329, 0.6577637195587158, 0.671654462814331, 0.6714251041412354, 0.6759672164916992, 0.6777454018592834, 0.6847854852676392], "test_loss_mean": 0.670868992805481, "test_loss_initial": 0.7089064121246338, "test_loss_end": 0.680396556854248, "percent_initial_loss": 1.0227357149124146, "percent_end_loss": 1.3517704010009766, "_timestamp": 1706578462.1042078, "_runtime": 180.25255465507507, "_step": 999, "_wandb": {"runtime": 175}}