{"train_loss_per_position": [0.001145498943515122, 0.0009050486842170358, 0.0011455693747848272, 0.0009052384411916137, 0.0011454419000074267, 0.000905203924048692, 0.0011455102358013391, 0.0009052389650605619, 0.0011455441126599908, 0.0009051948436535895], "train_loss_mean": 0.0010253489017486572, "test_loss_per_position": [0.0010253650834783912, 0.001025345060043037, 0.0010253801010549068, 0.0010253681102767587, 0.0010253471555188298, 0.0010253628715872765, 0.0010253608925268054, 0.0010253704385831952, 0.001025379984639585, 0.0010253655491396785], "test_loss_mean": 0.001025364501401782, "_timestamp": 1706575735.0836291, "_runtime": 56.41550803184509, "_step": 199, "_wandb": {"runtime": 55}}