{"train_loss_per_position": [0.5633665323257446, 0.8219704627990723, 0.5629447102546692, 0.822540283203125, 0.5635026693344116, 0.8221315145492554, 0.5629348754882812, 0.8225408792495728, 0.5625623464584351, 0.8228254318237305], "train_loss_mean": 0.6927319765090942, "test_loss_per_position": [0.6931922435760498, 0.6925797462463379, 0.6924716234207153, 0.692904531955719, 0.6926834583282471, 0.6929295659065247, 0.6928284168243408, 0.6929969787597656, 0.6931378841400146, 0.6930359601974487], "test_loss_mean": 0.6928760409355164, "test_loss_initial": 0.5633665323257446, "test_loss_end": 0.8228254318237305, "percent_initial_loss": 0.8127660751342773, "percent_end_loss": 1.6347393989562988, "_timestamp": 1706579789.844734, "_runtime": 28.528635025024414, "_step": 999, "_wandb": {"runtime": 25}}