{"train_loss_per_position": [0.6991455554962158, 0.6637020707130432, 0.6595054268836975, 0.6466754078865051, 0.6450636386871338, 0.6413697004318237, 0.6431185007095337, 0.6326233744621277, 0.6420079469680786, 0.6306262612342834], "train_loss_mean": 0.6503838300704956, "test_loss_per_position": [0.6935479044914246, 0.6682350039482117, 0.6513792276382446, 0.6489152908325195, 0.6467926502227783, 0.6466743350028992, 0.6368478536605835, 0.6401365995407104, 0.63503098487854, 0.63722163438797], "test_loss_mean": 0.650478184223175, "test_loss_initial": 0.6935479044914246, "test_loss_end": 0.63722163438797, "percent_initial_loss": 1.0005781650543213, "percent_end_loss": 1.2659931182861328, "_timestamp": 1706652483.417686, "_runtime": 768.4644219875336, "_step": 9999, "_wandb": {"runtime": 767}}