{"train_loss_per_position": [0.6615709662437439, 0.6866655349731445, 0.5933973789215088, 0.6533535718917847, 0.5689218044281006, 0.637687087059021, 0.5701678395271301, 0.6274160742759705, 0.5691041946411133, 0.6241064071655273], "train_loss_mean": 0.6192390322685242, "test_loss_per_position": [0.6983582377433777, 0.6585415601730347, 0.6432452201843262, 0.6212908029556274, 0.6006370186805725, 0.6059024333953857, 0.5941406488418579, 0.5909668207168579, 0.5922930240631104, 0.6020231246948242], "test_loss_mean": 0.6207398772239685, "test_loss_initial": 0.6615709662437439, "test_loss_end": 0.6241064071655273, "percent_initial_loss": 0.9544451236724854, "percent_end_loss": 1.2399365901947021, "_timestamp": 1706588906.199857, "_runtime": 21.635413885116577, "_step": 999, "_wandb": {"runtime": 21}}