{"train_loss_per_position": [0.7553664445877075, 0.6724808216094971, 0.7265874147415161, 0.6609653234481812, 0.7177426815032959, 0.666702389717102, 0.7444518208503723, 0.6724913120269775, 0.7615925073623657, 0.6996331810951233], "train_loss_mean": 0.0010470435954630375, "test_loss_per_position": [0.710221529006958, 0.6998479962348938, 0.7044336795806885, 0.70384281873703, 0.7023064494132996, 0.7032936215400696, 0.6999520063400269, 0.7057772874832153, 0.708268404006958, 0.6995781660079956], "test_loss_mean": 0.0010410535614937544, "test_loss_initial": 0.7553664445877075, "test_loss_end": 0.6996331810951233, "percent_initial_loss": 1.0897634029388428, "percent_end_loss": 1.3899885416030884, "_timestamp": 1706576666.4116778, "_runtime": 9.321364879608154, "_step": 199, "_wandb": {"runtime": 4}}