{"train_loss_per_position": [0.619529128074646, 0.7665541768074036, 0.6146568655967712, 0.7706201076507568, 0.6158593893051147, 0.7672142386436462, 0.6174935102462769, 0.7672698497772217, 0.6194186210632324, 0.770815372467041], "train_loss_mean": 0.001025063800625503, "test_loss_per_position": [0.6932796835899353, 0.6922182440757751, 0.6924729347229004, 0.6931713819503784, 0.6929892897605896, 0.6932705640792847, 0.6926716566085815, 0.6929542422294617, 0.6934404969215393, 0.6931425333023071], "test_loss_mean": 0.0010250904597342014, "test_loss_initial": 0.619529128074646, "test_loss_end": 0.770815372467041, "percent_initial_loss": 0.8937916159629822, "percent_end_loss": 1.5314090251922607, "_timestamp": 1706577057.231828, "_runtime": 8.817071914672852, "_step": 199, "_wandb": {"runtime": 7}}