{"train_loss_per_position": [0.7025939226150513, 0.683657705783844, 0.7026870250701904, 0.6836196780204773, 0.7026243209838867, 0.6837052702903748, 0.7026128768920898, 0.68370521068573, 0.7026052474975586, 0.6837033629417419], "train_loss_mean": 0.6931514739990234, "test_loss_per_position": [0.6931451559066772, 0.6931376457214355, 0.6931705474853516, 0.6931477189064026, 0.6931299567222595, 0.6931427121162415, 0.6931552886962891, 0.6931553483009338, 0.6931527853012085, 0.6931400895118713], "test_loss_mean": 0.6931477785110474, "test_loss_initial": 0.7025939226150513, "test_loss_end": 0.6837033629417419, "percent_initial_loss": 1.0136287212371826, "percent_end_loss": 1.3583401441574097, "_timestamp": 1706586414.49068, "_runtime": 91.48682308197021, "_step": 999, "_wandb": {"runtime": 91}}