{"train_loss_per_position": [0.7042579650878906, 0.6680437326431274, 0.6942793726921082, 0.6770308017730713, 0.7003838419914246, 0.6811817288398743, 0.7016501426696777, 0.6820216178894043, 0.7026184797286987, 0.6810147762298584], "train_loss_mean": 0.689248263835907, "test_loss_per_position": [0.6931695938110352, 0.6769714951515198, 0.6830165386199951, 0.6865490674972534, 0.6881275177001953, 0.6894055604934692, 0.6898682117462158, 0.6915404796600342, 0.6901649236679077, 0.691336452960968], "test_loss_mean": 0.6880149841308594, "test_loss_initial": 0.7042579650878906, "test_loss_end": 0.6810147762298584, "percent_initial_loss": 1.0160294771194458, "percent_end_loss": 1.3529986143112183, "_timestamp": 1706588460.76777, "_runtime": 53.87637710571289, "_step": 999, "_wandb": {"runtime": 53}}