{"train_loss_per_position": [0.0010573856998234987, 0.000993307214230299, 0.0010574038606137037, 0.0009933274704962969, 0.0010573925683274865, 0.0009933094261214137, 0.0010574106127023697, 0.0009933161782100797, 0.0010574174812063575, 0.0009933048859238625], "train_loss_mean": 0.0010253575164824724, "test_loss_per_position": [0.0010253653163090348, 0.0010253640357404947, 0.0010253690415993333, 0.0010253656655550003, 0.0010253629880025983, 0.0010253649670630693, 0.0010253668297082186, 0.0010253667132928967, 0.0010253663640469313, 0.0010253646178171039], "test_loss_mean": 0.0010253656655550003, "_timestamp": 1706575315.822648, "_runtime": 6.578854084014893, "_step": 199, "_wandb": {"runtime": 6}}