{"train_loss_per_position": [0.6694027185440063, 0.7832974195480347, 0.6646397113800049, 0.7468485832214355, 0.6439297795295715, 0.7429392337799072, 0.6616002321243286, 0.7310833930969238, 0.6280019879341125, 0.7571098804473877], "train_loss_mean": 0.7028853297233582, "test_loss_per_position": [0.7037173509597778, 0.7062010765075684, 0.7131530046463013, 0.700555682182312, 0.7001808285713196, 0.6993176937103271, 0.7008560299873352, 0.696463942527771, 0.6957495808601379, 0.7040072679519653], "test_loss_mean": 0.7020202875137329, "test_loss_initial": 0.6694027185440063, "test_loss_end": 0.7571098804473877, "percent_initial_loss": 0.9657439589500427, "percent_end_loss": 1.5041797161102295, "_timestamp": 1706590448.673486, "_runtime": 972.8276679515839, "_step": 941, "_wandb": {"runtime": 972}}