{"train_loss_per_position": [0.7028243541717529, 0.734655499458313, 0.7205297946929932, 1.0179507732391357, 0.7704415321350098, 0.7126737833023071, 0.7744444608688354, 0.7702855467796326, 0.7238969802856445, 0.7713749408721924], "train_loss_mean": 0.7699078321456909, "test_loss_per_position": [0.710543155670166, 0.7312263250350952, 0.7303379774093628, 1.0017510652542114, 0.7841010093688965, 0.7033252120018005, 0.7842200994491577, 0.765322744846344, 0.7295079231262207, 0.7672088742256165], "test_loss_mean": 0.7707544565200806, "test_loss_initial": 0.710543155670166, "test_loss_end": 0.7672088742256165, "percent_initial_loss": 1.025097131729126, "percent_end_loss": 1.5242438316345215, "_timestamp": 1706635016.116498, "_runtime": 2424.3379530906677, "_step": 9999, "_wandb": {"runtime": 2423}}