{"train_loss_per_position": [24531328.0, 16945064.0, 11865834.0, 10640960.0, 10360822.0, 11562554.0, 10098716.0, 10188614.0, 10382555.0, 10156982.0], "train_loss_mean": 12673343.0, "test_loss_per_position": [24654824.0, 16053018.0, 12734966.0, 11308720.0, 9682743.0, 10577868.0, 12843610.0, 9773624.0, 10178048.0, 9896034.0], "test_loss_mean": 12770346.0, "test_loss_initial": 24531328.0, "test_loss_end": 10156982.0, "percent_initial_loss": 35391224.0, "percent_end_loss": 20179272.0, "_timestamp": 1706579661.454175, "_runtime": 73.1874098777771, "_step": 999, "_wandb": {"runtime": 72}}