{"train_loss_per_position": [0.6931717395782471, 0.692711353302002, 0.6925402283668518, 0.6944019794464111, 0.6938948631286621, 0.692742645740509, 0.6924713253974915, 0.6926209926605225, 0.6938158869743347, 0.6926724910736084], "train_loss_mean": 0.6931043863296509, "test_loss_per_position": [0.6931402683258057, 0.693044900894165, 0.6927908658981323, 0.6932280659675598, 0.6928341388702393, 0.6930972933769226, 0.6930349469184875, 0.693043053150177, 0.6932366490364075, 0.6931487321853638], "test_loss_mean": 0.6930598616600037, "test_loss_initial": 0.6931717395782471, "test_loss_end": 0.6926724910736084, "percent_initial_loss": 1.0000354051589966, "percent_end_loss": 1.376159429550171, "_timestamp": 1706586656.138991, "_runtime": 53.69336223602295, "_step": 999, "_wandb": {"runtime": 53}}