{"train_loss_per_position": [0.7107456922531128, 0.6755480766296387, 0.710750162601471, 0.6755469441413879, 0.7107471823692322, 0.6755473017692566, 0.7107468247413635, 0.6755481958389282, 0.7107437252998352, 0.6755475997924805], "train_loss_mean": 0.0010253656655550003, "test_loss_per_position": [0.6931470036506653, 0.6931465268135071, 0.6931487321853638, 0.6931471824645996, 0.6931459903717041, 0.693146824836731, 0.6931477189064026, 0.6931477189064026, 0.6931475400924683, 0.6931466460227966], "test_loss_mean": 0.0010253656655550003, "test_loss_initial": 0.7107456922531128, "test_loss_end": 0.6755475997924805, "percent_initial_loss": 1.025389313697815, "percent_end_loss": 1.3421367406845093, "_timestamp": 1706576556.155842, "_runtime": 15.803436994552612, "_step": 199, "_wandb": {"runtime": 12}}