{"train_loss_per_position": [0.6593046188354492, 0.726990818977356, 0.6593034267425537, 0.7269859313964844, 0.6593019962310791, 0.7269948124885559, 0.6593053340911865, 0.7269928455352783, 0.6593050956726074, 0.7269879579544067], "train_loss_mean": 0.0010253657819703221, "test_loss_per_position": [0.6931470036506653, 0.6931465864181519, 0.6931485533714294, 0.6931471824645996, 0.6931461095809937, 0.6931468844413757, 0.6931476593017578, 0.6931476593017578, 0.6931475400924683, 0.6931467056274414], "test_loss_mean": 0.0010253656655550003, "test_loss_initial": 0.6593046188354492, "test_loss_end": 0.7269879579544067, "_timestamp": 1706576276.439436, "_runtime": 9.9009530544281, "_step": 199, "_wandb": {"runtime": 9}}