{"train_loss_per_position": [87.26633616453091, 78.16513059548372, 76.13755045275717, 120.69117849677272, 111.7613826898428, 69.56015184574579, 71.8245992858029, 86.910675081981, 83.96414551368126, 103.3383827555109], "train_loss_mean": 88.96195328821092, "test_loss_per_position": [87.3726591151612, 77.54134634495725, 75.20754633946767, 120.4468889857185, 108.30990201058472, 69.75782053569365, 75.72628304521008, 86.26435223039559, 81.80533636627348, 101.21844192087298], "test_loss_mean": 88.36505768943351, "_timestamp": 1706570099.472863, "_runtime": 32.95254302024841, "_step": 199, "_wandb": {"runtime": 31}}