{"train_loss_per_position": [0.7039241790771484, 0.6413307189941406, 0.6516077518463135, 0.6007514595985413, 0.5985791683197021, 0.5623941421508789, 0.5466370582580566, 0.520485520362854, 0.5102941989898682, 0.48266780376434326], "train_loss_mean": 0.5818672180175781, "test_loss_per_position": [0.69366055727005, 0.6534087657928467, 0.6421434879302979, 0.609683632850647, 0.5878874063491821, 0.5729088187217712, 0.536242663860321, 0.5264062881469727, 0.502341628074646, 0.48484644293785095], "test_loss_mean": 0.5809530019760132, "test_loss_initial": 0.69366055727005, "test_loss_end": 0.48484644293785095, "percent_initial_loss": 1.000740647315979, "percent_end_loss": 0.9632633328437805, "_timestamp": 1706618730.054165, "_runtime": 1810.0762679576874, "_step": 9999, "_wandb": {"runtime": 1809}}