{"train_loss_per_position": [0.6853830218315125, 0.7025599479675293, 0.6875883936882019, 0.7013853788375854, 0.6876499652862549, 0.7009956240653992, 0.687026858329773, 0.701166033744812, 0.6868689060211182, 0.6988595724105835], "train_loss_mean": 0.0010265507735311985, "test_loss_per_position": [0.6938148736953735, 0.6940441727638245, 0.6937522292137146, 0.6935617923736572, 0.6937867403030396, 0.6934894323348999, 0.6936218738555908, 0.6941176056861877, 0.6931560635566711, 0.693974494934082], "test_loss_mean": 0.0010262306313961744, "test_loss_initial": 0.6853830218315125, "test_loss_end": 0.6988595724105835, "percent_initial_loss": 0.9887986779212952, "percent_end_loss": 1.3884515762329102, "_timestamp": 1706577039.1874292, "_runtime": 6.794355154037476, "_step": 199, "_wandb": {"runtime": 5}}