{"train_loss_per_position": [0.7150906324386597, 0.6745069026947021, 0.7156690955162048, 0.6593539714813232, 0.7051306962966919, 0.6713854074478149, 0.7134660482406616, 0.6684290766716003, 0.7148299217224121, 0.6710320711135864], "train_loss_mean": 0.0010220257099717855, "test_loss_per_position": [0.6932161450386047, 0.6928713321685791, 0.6942555904388428, 0.6984744071960449, 0.6932178735733032, 0.6931828856468201, 0.6932858824729919, 0.6963819265365601, 0.6932258009910583, 0.6932207942008972], "test_loss_mean": 0.0010268243495374918, "test_loss_initial": 0.7150906324386597, "test_loss_end": 0.6710320711135864, "percent_initial_loss": 1.0316576957702637, "percent_end_loss": 1.3331656455993652, "_timestamp": 1706576626.4809542, "_runtime": 8.606126070022583, "_step": 199, "_wandb": {"runtime": 6}}