{"train_loss_per_position": [0.6950713396072388, 0.6918946504592896, 0.6941497325897217, 0.6977728605270386, 0.6926460266113281, 0.6952869892120361, 0.6953724026679993, 0.6955090761184692, 0.6977784633636475, 0.6971105337142944], "train_loss_mean": 0.0010284899035468698, "test_loss_per_position": [0.696150541305542, 0.6933550834655762, 0.6947614550590515, 0.6946324706077576, 0.6941649913787842, 0.6945539712905884, 0.6944278478622437, 0.6938372254371643, 0.6968982815742493, 0.6957494020462036], "test_loss_mean": 0.0010278893169015646, "test_loss_initial": 0.6950713396072388, "test_loss_end": 0.6971105337142944, "_timestamp": 1706575947.359551, "_runtime": 25.902775049209595, "_step": 199, "_wandb": {"runtime": 25}}