{"train_loss_per_position": [0.0010428884997963905, 0.0010078421328216791, 0.0010428879177197814, 0.0010078424820676446, 0.0010428900131955743, 0.0010078399209305644, 0.0010428910609334707, 0.0010078427148982882, 0.0010428901296108961, 0.0010078421328216791], "train_loss_mean": 0.0010253656655550003, "test_loss_per_position": [0.0010253655491396785, 0.0010253649670630693, 0.0010253669461235404, 0.0010253656655550003, 0.0010253646178171039, 0.0010253653163090348, 0.0010253660148009658, 0.0010253660148009658, 0.001025365898385644, 0.0010253650834783912], "test_loss_mean": 0.0010253656655550003, "_timestamp": 1706575387.158634, "_runtime": 5.609508037567139, "_step": 199, "_wandb": {"runtime": 5}}