{"train_loss_per_position": [0.6755527257919312, 0.7107519507408142, 0.6755216717720032, 0.7107480764389038, 0.67556232213974, 0.7107492089271545, 0.6755406260490417, 0.7107527852058411, 0.6755465269088745, 0.7107681035995483], "train_loss_mean": 0.6931493878364563, "test_loss_per_position": [0.6931476593017578, 0.693149209022522, 0.6931319832801819, 0.6931480169296265, 0.6931533217430115, 0.6931506395339966, 0.693141758441925, 0.6931425333023071, 0.6931470632553101, 0.6931506991386414], "test_loss_mean": 0.693146288394928, "test_loss_initial": 0.6755527257919312, "test_loss_end": 0.7107681035995483, "percent_initial_loss": 0.974616527557373, "percent_end_loss": 1.412110686302185, "_timestamp": 1706585870.322009, "_runtime": 173.5235550403595, "_step": 999, "_wandb": {"runtime": 173}}