{"train_loss_per_position": [0.6904357671737671, 0.695499062538147, 0.690540611743927, 0.6960064768791199, 0.6903649568557739, 0.695806086063385, 0.6902064085006714, 0.695976972579956, 0.6904342174530029, 0.6959133148193359], "train_loss_mean": 0.6931183934211731, "test_loss_per_position": [0.6931287050247192, 0.6929329037666321, 0.6928659677505493, 0.6931415796279907, 0.6928993463516235, 0.6931387186050415, 0.6930133104324341, 0.6930747032165527, 0.693212628364563, 0.6930841207504272], "test_loss_mean": 0.6930492520332336, "test_loss_initial": 0.6904357671737671, "test_loss_end": 0.6959133148193359, "percent_initial_loss": 0.9960882663726807, "percent_end_loss": 1.3825981616973877, "_timestamp": 1706588939.2577212, "_runtime": 18.28631019592285, "_step": 999, "_wandb": {"runtime": 15}}