{"train_loss_per_position": [1077.634521484375, 844.5958862304688, 888.26123046875, 936.3092651367188, 965.9932861328125, 987.9977416992188, 881.504150390625, 841.391357421875, 941.6971435546875, 806.6022338867188], "train_loss_mean": 1.3568027019500732, "test_loss_per_position": [886.4813842773438, 880.7061157226562, 951.9647216796875, 906.8046264648438, 868.938720703125, 888.6784057617188, 885.0887451171875, 898.3311767578125, 916.572265625, 870.4404296875], "test_loss_mean": 1.3245571851730347, "test_loss_initial": 1077.634521484375, "test_loss_end": 806.6022338867188, "percent_initial_loss": 1554.697998046875, "percent_end_loss": 1602.5081787109375, "_timestamp": 1706576803.305685, "_runtime": 54.07899713516235, "_step": 199, "_wandb": {"runtime": 52}}