{"train_loss_per_position": [0.7015706300735474, 0.6576008200645447, 0.7130032777786255, 0.6681163311004639, 0.6558215618133545, 0.6473845839500427, 0.6617264151573181, 0.611562967300415, 0.6828707456588745, 0.6785013675689697], "train_loss_mean": 0.6678158640861511, "test_loss_per_position": [0.7047528624534607, 0.6619626879692078, 0.6506978869438171, 0.6467891931533813, 0.6435364484786987, 0.6480756402015686, 0.6480395197868347, 0.6437437534332275, 0.6687034368515015, 0.6562175750732422], "test_loss_mean": 0.6572518944740295, "test_loss_initial": 0.7015706300735474, "test_loss_end": 0.6785013675689697, "percent_initial_loss": 1.0121524333953857, "percent_end_loss": 1.3480051755905151, "_timestamp": 1706579971.037476, "_runtime": 19.430622100830078, "_step": 999, "_wandb": {"runtime": 18}}