{"train_loss_per_position": [0.6876347661018372, 0.6595964431762695, 0.6337881684303284, 0.6156432628631592, 0.583893895149231, 0.5792679190635681, 0.5322265625, 0.5294235348701477, 0.5052575469017029, 0.4914807677268982], "train_loss_mean": 0.5818213224411011, "test_loss_per_position": [0.6931972503662109, 0.6526336073875427, 0.6418535709381104, 0.6086986064910889, 0.5881576538085938, 0.5723752975463867, 0.5357428789138794, 0.5246883034706116, 0.5106387138366699, 0.4875504970550537], "test_loss_mean": 0.5815536379814148, "test_loss_initial": 0.6931972503662109, "test_loss_end": 0.4875504970550537, "percent_initial_loss": 1.0000722408294678, "percent_end_loss": 0.968635618686676, "_timestamp": 1706601098.892916, "_runtime": 521.5777640342712, "_step": 9999, "_wandb": {"runtime": 521}}