{"train_loss_per_position": [0.5343468189239502, 0.8428119421005249, 0.4774441123008728, 0.7780541181564331, 0.4870976209640503, 0.796442449092865, 0.49848151206970215, 0.8166040778160095, 0.487089067697525, 0.8525398373603821], "train_loss_mean": 0.6570911407470703, "test_loss_per_position": [0.6938823461532593, 0.653423547744751, 0.6467263102531433, 0.6447874307632446, 0.638449490070343, 0.6494046449661255, 0.6536105871200562, 0.6579916477203369, 0.6584250926971436, 0.6685185432434082], "test_loss_mean": 0.6565219759941101, "test_loss_initial": 0.5343468189239502, "test_loss_end": 0.8525398373603821, "percent_initial_loss": 0.7708994746208191, "percent_end_loss": 1.6937742233276367, "_timestamp": 1706588789.50793, "_runtime": 51.41707515716553, "_step": 999, "_wandb": {"runtime": 51}}