{"train_loss_per_position": [0.7150692343711853, 0.6724058389663696, 0.7140023708343506, 0.6713972091674805, 0.7154565453529358, 0.6706522703170776, 0.7137250900268555, 0.6732277870178223, 0.7148599624633789, 0.6713992357254028], "train_loss_mean": 0.6932196021080017, "test_loss_per_position": [0.6931887865066528, 0.6926344633102417, 0.6923485994338989, 0.6928569078445435, 0.6926590800285339, 0.6929527521133423, 0.693029522895813, 0.6930307149887085, 0.6932350397109985, 0.69298255443573], "test_loss_mean": 0.6928918957710266, "test_loss_initial": 0.7150692343711853, "test_loss_end": 0.6713992357254028, "percent_initial_loss": 1.03162682056427, "percent_end_loss": 1.3338950872421265, "_timestamp": 1706589000.436341, "_runtime": 17.598329067230225, "_step": 999, "_wandb": {"runtime": 17}}