{"train_loss_per_position": [0.6523014307022095, 0.7183959484100342, 0.6345189809799194, 0.7308813333511353, 0.6462554335594177, 0.7267215847969055, 0.6449236869812012, 0.7365764379501343, 0.6453605890274048, 0.7370287179946899], "train_loss_mean": 0.6872963905334473, "test_loss_per_position": [0.6938563585281372, 0.6779520511627197, 0.6845917105674744, 0.6874094009399414, 0.6895326375961304, 0.6902585625648499, 0.6903042793273926, 0.691737174987793, 0.6906761527061462, 0.6915885210037231], "test_loss_mean": 0.6887907385826111, "test_loss_initial": 0.6523014307022095, "test_loss_end": 0.7370287179946899, "percent_initial_loss": 0.9410720467567444, "percent_end_loss": 1.4642837047576904, "_timestamp": 1706589186.847046, "_runtime": 52.5861439704895, "_step": 999, "_wandb": {"runtime": 51}}