{"train_loss_per_position": [0.6997581124305725, 0.6392974853515625, 0.6525818705558777, 0.6110755801200867, 0.6335790157318115, 0.6377086639404297, 0.6640433669090271, 0.6663662195205688, 0.6404072046279907, 0.655072033405304], "train_loss_mean": 0.6499889492988586, "test_loss_per_position": [0.6941254138946533, 0.6564198732376099, 0.6482751369476318, 0.618756890296936, 0.643780529499054, 0.6477566361427307, 0.66242915391922, 0.6640615463256836, 0.6488550901412964, 0.6638448238372803], "test_loss_mean": 0.6548305153846741, "test_loss_initial": 0.6997581124305725, "test_loss_end": 0.655072033405304, "percent_initial_loss": 1.0095375776290894, "percent_end_loss": 1.301457166671753, "_timestamp": 1706588571.5465002, "_runtime": 19.565162181854248, "_step": 999, "_wandb": {"runtime": 19}}