{"train_loss_per_position": [0.6906522512435913, 0.6955488920211792, 0.6905227303504944, 0.6956599354743958, 0.6906030178070068, 0.6956278085708618, 0.6907201409339905, 0.6955952644348145, 0.6907697916030884, 0.6955731511116028], "train_loss_mean": 0.6931273341178894, "test_loss_per_position": [0.6931271553039551, 0.6930452585220337, 0.6929938793182373, 0.6931788325309753, 0.6930420398712158, 0.6931926012039185, 0.693073034286499, 0.6931116580963135, 0.6932260990142822, 0.6931360960006714], "test_loss_mean": 0.6931126713752747, "test_loss_initial": 0.6931271553039551, "test_loss_end": 0.6931360960006714, "percent_initial_loss": 0.9999710917472839, "percent_end_loss": 1.3770805597305298, "_timestamp": 1706607314.3314428, "_runtime": 5101.417634725571, "_step": 9999, "_wandb": {"runtime": 5100}}