{"train_loss_per_position": [5210939904.0, 5063840768.0, 2828506368.0, 2548482304.0, 2473465344.0, 2667930624.0, 2416590336.0, 2637388032.0, 2478924288.0, 2845934592.0], "train_loss_mean": 3117200128.0, "test_loss_per_position": [5111292928.0, 5104340992.0, 2729533440.0, 2683644160.0, 2604721152.0, 2403207680.0, 2462138368.0, 2667825152.0, 2548424704.0, 2559354112.0], "test_loss_mean": 3087448320.0, "test_loss_initial": 5210939904.0, "test_loss_end": 2845934592.0, "percent_initial_loss": 7517796864.0, "percent_end_loss": 5654129152.0, "_timestamp": 1706586109.651144, "_runtime": 29.783961057662964, "_step": 664, "_wandb": {"runtime": 29}}