{"train_loss_per_position": [0.7063777446746826, 0.6771912574768066, 0.7058382630348206, 0.677504301071167, 0.7053219079971313, 0.6785281896591187, 0.7058753967285156, 0.6782824397087097, 0.705244243144989, 0.6799166798591614], "train_loss_mean": 0.6920080184936523, "test_loss_per_position": [0.6933416128158569, 0.6899994611740112, 0.6911033391952515, 0.691525399684906, 0.6919400095939636, 0.692298173904419, 0.6923958659172058, 0.6926577687263489, 0.6920459270477295, 0.6926589012145996], "test_loss_mean": 0.6919966340065002, "test_loss_initial": 0.7063777446746826, "test_loss_end": 0.6799166798591614, "percent_initial_loss": 1.0190876722335815, "percent_end_loss": 1.3508169651031494, "_timestamp": 1706589406.99646, "_runtime": 14.282285928726196, "_step": 999, "_wandb": {"runtime": 14}}