{"train_loss_per_position": [0.7035273313522339, 0.6640571355819702, 0.6528784036636353, 0.6308349370956421, 0.6255061030387878, 0.6016076803207397, 0.6193737983703613, 0.6019085049629211, 0.5967059135437012, 0.6185506582260132], "train_loss_mean": 0.6314950585365295, "test_loss_per_position": [0.6994588971138, 0.6616780757904053, 0.6496979594230652, 0.6406600475311279, 0.6174973249435425, 0.6141047477722168, 0.6082539558410645, 0.6039772033691406, 0.5946078896522522, 0.6154866814613342], "test_loss_mean": 0.6305422782897949, "test_loss_initial": 0.7035273313522339, "test_loss_end": 0.6185506582260132, "percent_initial_loss": 1.0149754285812378, "percent_end_loss": 1.2288987636566162, "_timestamp": 1706578121.8772411, "_runtime": 24.83433508872986, "_step": 999, "_wandb": {"runtime": 24}}