{"train_loss_per_position": [5489592832.0, 4806752256.0, 5497958912.0, 4935260160.0, 5622696960.0, 4525162496.0, 4784707584.0, 4865251328.0, 4925618176.0, 5051030016.0], "train_loss_mean": 7471010.5, "test_loss_per_position": [5019296768.0, 5172190208.0, 5316933632.0, 5143742976.0, 5002979328.0, 5099042816.0, 5134347264.0, 5048568832.0, 5070412800.0, 4926222336.0], "test_loss_mean": 7534576.0, "test_loss_initial": 5489592832.0, "test_loss_end": 5051030016.0, "_timestamp": 1706576291.519226, "_runtime": 9.019180059432983, "_step": 26, "_wandb": {"runtime": 6}}