{"train_loss_per_position": [0.7091876268386841, 0.6753523349761963, 0.709827721118927, 0.6782310009002686, 0.708660900592804, 0.6766585111618042, 0.7081384658813477, 0.6766246557235718, 0.7089946269989014, 0.6764670610427856], "train_loss_mean": 0.692814290523529, "test_loss_per_position": [0.693175733089447, 0.6920610666275024, 0.6921437978744507, 0.6927820444107056, 0.6925150156021118, 0.692725658416748, 0.6927462816238403, 0.6929424405097961, 0.6929516196250916, 0.6929590106010437], "test_loss_mean": 0.6927003264427185, "test_loss_initial": 0.7091876268386841, "test_loss_end": 0.6764670610427856, "percent_initial_loss": 1.0231415033340454, "percent_end_loss": 1.3439635038375854, "_timestamp": 1706588169.8955579, "_runtime": 17.560102939605713, "_step": 999, "_wandb": {"runtime": 17}}