{"train_loss_per_position": [0.7284584045410156, 0.6601436734199524, 0.7267580032348633, 0.6623443365097046, 0.7248795032501221, 0.6569944620132446, 0.7310317754745483, 0.6633392572402954, 0.7222316265106201, 0.6617797613143921], "train_loss_mean": 0.0010263255098834634, "test_loss_per_position": [0.6935770511627197, 0.6961251497268677, 0.6938908696174622, 0.6934148073196411, 0.6942440867424011, 0.6931647062301636, 0.6948186159133911, 0.6939449310302734, 0.6929759979248047, 0.693792462348938], "test_loss_mean": 0.00102661969140172, "test_loss_initial": 0.7284584045410156, "test_loss_end": 0.6617797613143921, "percent_initial_loss": 1.0509432554244995, "percent_end_loss": 1.3147836923599243, "_timestamp": 1706577167.129973, "_runtime": 6.528209924697876, "_step": 199, "_wandb": {"runtime": 6}}