{"train_loss_per_position": [0.714805006980896, 0.6714863777160645, 0.7148113250732422, 0.6714852452278137, 0.71480792760849, 0.6714853644371033, 0.7148082256317139, 0.6714882850646973, 0.7148090600967407, 0.6714870929718018], "train_loss_mean": 0.0010253660148009658, "test_loss_per_position": [0.6931469440460205, 0.6931462287902832, 0.6931492686271667, 0.6931471824645996, 0.6931455731391907, 0.6931467056274414, 0.6931478977203369, 0.6931478977203369, 0.6931476593017578, 0.6931464672088623], "test_loss_mean": 0.0010253656655550003, "test_loss_initial": 0.714805006980896, "test_loss_end": 0.6714870929718018, "percent_initial_loss": 1.0312455892562866, "percent_end_loss": 1.3340696096420288, "_timestamp": 1706576484.098681, "_runtime": 5.831203937530518, "_step": 199, "_wandb": {"runtime": 5}}