{"train_loss_per_position": [0.6999331712722778, 0.6863687634468079, 0.6999025940895081, 0.6863561272621155, 0.6999289989471436, 0.6863645911216736, 0.6999005079269409, 0.6863846182823181, 0.6999205350875854, 0.6863709092140198], "train_loss_mean": 0.6931430697441101, "test_loss_per_position": [0.6931487321853638, 0.693152904510498, 0.6931346654891968, 0.6931473016738892, 0.6931570768356323, 0.6931500434875488, 0.6931430697441101, 0.6931430697441101, 0.6931445002555847, 0.6931514739990234], "test_loss_mean": 0.6931473016738892, "test_loss_initial": 0.6999331712722778, "test_loss_end": 0.6863709092140198, "percent_initial_loss": 1.009790062904358, "percent_end_loss": 1.3636398315429688, "_timestamp": 1706579012.404546, "_runtime": 23.505316019058228, "_step": 999, "_wandb": {"runtime": 17}}