{"train_loss_per_position": [0.7510119676589966, 0.7788329720497131, 0.7490189075469971, 0.7972220182418823, 0.7806694507598877, 0.9491121172904968, 0.8299121856689453, 0.8238643407821655, 0.8679547905921936, 0.8647041916847229], "train_loss_mean": 0.8192302584648132, "test_loss_per_position": [0.7468644976615906, 0.7636123895645142, 0.786791205406189, 0.7816029787063599, 0.8046317100524902, 0.8890315890312195, 0.8442275524139404, 0.7921921014785767, 0.899539053440094, 0.8387269973754883], "test_loss_mean": 0.8147220611572266, "test_loss_initial": 0.7468644976615906, "test_loss_end": 0.8387269973754883, "percent_initial_loss": 1.0774977207183838, "percent_end_loss": 1.6663316488265991, "_timestamp": 1706649605.7217531, "_runtime": 4911.6094081401825, "_step": 9999, "_wandb": {"runtime": 4911}}