{"train_loss_per_position": [0.6481142640113831, 0.8069783449172974, 0.8374896049499512, 0.8837336301803589, 0.8041915893554688, 0.8199769258499146, 0.6805485486984253, 1.0183134078979492, 0.6960787773132324, 0.7638672590255737], "train_loss_mean": 0.7959292531013489, "test_loss_per_position": [0.7064634561538696, 0.762902021408081, 0.8652485013008118, 0.8125414848327637, 0.8415849208831787, 0.7938421964645386, 0.727877676486969, 0.9322977066040039, 0.799248456954956, 0.6970051527023315], "test_loss_mean": 0.7939011454582214, "test_loss_initial": 0.7064634561538696, "test_loss_end": 0.6970051527023315, "percent_initial_loss": 1.0192112922668457, "percent_end_loss": 1.3847672939300537, "_timestamp": 1706611551.680712, "_runtime": 678.2653179168701, "_step": 9999, "_wandb": {"runtime": 677}}