{"train_loss_per_position": [0.6998074054718018, 0.6875457167625427, 0.7016857862472534, 0.6868273019790649, 0.6991999745368958, 0.6896927952766418, 0.6992470622062683, 0.69010329246521, 0.6984173059463501, 0.6867218017578125], "train_loss_mean": 0.6939248442649841, "test_loss_per_position": [0.6933238506317139, 0.6936116218566895, 0.6942776441574097, 0.6931091547012329, 0.693662166595459, 0.6932570338249207, 0.6933948993682861, 0.6934739947319031, 0.692919135093689, 0.6931853294372559], "test_loss_mean": 0.693421483039856, "test_loss_initial": 0.6998074054718018, "test_loss_end": 0.6867218017578125, "percent_initial_loss": 1.0096086263656616, "percent_end_loss": 1.3643369674682617, "_timestamp": 1706577603.229589, "_runtime": 35.81455993652344, "_step": 999, "_wandb": {"runtime": 33}}