{"train_loss_per_position": [0.0010101953521370888, 0.0010443538194522262, 0.0010116680059581995, 0.001040323986671865, 0.00100858008954674, 0.0010422427440062165, 0.0010110476287081838, 0.0010523025412112474, 0.0010100837098434567, 0.0010435658041387796], "train_loss_mean": 0.001027436344884336, "test_loss_per_position": [0.001027219695970416, 0.0010289123747497797, 0.001025550882332027, 0.0010252009378746152, 0.0010247863829135895, 0.0010270188795402646, 0.001026019686833024, 0.0010353496763855219, 0.0010246996534988284, 0.0010277588153257966], "test_loss_mean": 0.0010272517101839185, "_timestamp": 1706575477.073569, "_runtime": 8.58208703994751, "_step": 199, "_wandb": {"runtime": 7}}