{"train_loss_per_position": [212858624.0, 194761408.0, 163060672.0, 156786800.0, 141504640.0, 151815008.0, 155605120.0, 159324288.0, 144440048.0, 157353424.0], "train_loss_mean": 163751024.0, "test_loss_per_position": [227786912.0, 196518432.0, 156490272.0, 156663296.0, 152168512.0, 150207760.0, 151644768.0, 154194688.0, 148650720.0, 153037312.0], "test_loss_mean": 164736272.0, "test_loss_initial": 212858624.0, "test_loss_end": 157353424.0, "percent_initial_loss": 307090080.0, "percent_end_loss": 312620192.0, "_timestamp": 1706577756.624755, "_runtime": 70.87409901618958, "_step": 999, "_wandb": {"runtime": 70}}