{"train_loss_per_position": [0.7227993011474609, 0.6515291333198547, 0.6842502951622009, 0.593949556350708, 0.6387798190116882, 0.5451621413230896, 0.6355514526367188, 0.5960551500320435, 0.6262185573577881, 0.5570240616798401], "train_loss_mean": 0.6251319646835327, "test_loss_per_position": [0.7034235596656799, 0.6591723561286926, 0.6477968692779541, 0.6204380989074707, 0.6188023090362549, 0.6013118028640747, 0.6013501882553101, 0.5992711782455444, 0.593984842300415, 0.5910719037055969], "test_loss_mean": 0.6236622929573059, "test_loss_initial": 0.7227993011474609, "test_loss_end": 0.5570240616798401, "percent_initial_loss": 1.0427789688110352, "percent_end_loss": 1.1066614389419556, "_timestamp": 1706588218.166235, "_runtime": 26.478818893432617, "_step": 999, "_wandb": {"runtime": 26}}