{"train_loss_per_position": [0.001011349493637681, 0.0010393875418230891, 0.0010113472817465663, 0.0010393792763352394, 0.0010113446041941643, 0.0010393902193754911, 0.0010113506577908993, 0.0010393798584118485, 0.0010113413445651531, 0.0010393733391538262], "train_loss_mean": 0.0010253642685711384, "test_loss_per_position": [0.0010253660148009658, 0.0010253675282001495, 0.001025361125357449, 0.0010253655491396785, 0.0010253690415993333, 0.001025366596877575, 0.0010253640357404947, 0.0010253640357404947, 0.0010253646178171039, 0.0010253669461235404], "test_loss_mean": 0.0010253655491396785, "_timestamp": 1706575459.9821582, "_runtime": 62.540308237075806, "_step": 199, "_wandb": {"runtime": 62}}