{"train_loss_per_position": [14846632960.0, 16727543808.0, 14712702976.0, 16036109312.0, 15973306368.0, 16602863616.0, 14895966208.0, 15916419072.0, 14727217152.0, 16035310592.0], "train_loss_mean": 15647408128.0, "test_loss_per_position": [15673227264.0, 15846418432.0, 15388649472.0, 15513292800.0, 16000069632.0, 15996331008.0, 15512965120.0, 15355367424.0, 15702589440.0, 15790678016.0], "test_loss_mean": 15677958144.0, "test_loss_initial": 14846632960.0, "test_loss_end": 16035310592.0, "percent_initial_loss": 21419163648.0, "percent_end_loss": 31857977344.0, "_timestamp": 1706586472.1244612, "_runtime": 49.29357123374939, "_step": 999, "_wandb": {"runtime": 48}}