{"train_loss_per_position": [0.0010507534025236964, 0.001018943963572383, 0.0010486813262104988, 0.0010120964143425226, 0.0010738862911239266, 0.0010037088068202138, 0.0010502910008653998, 0.0010076630860567093, 0.0010492167202755809, 0.0010151336900889874], "train_loss_mean": 0.0010330374352633953, "test_loss_per_position": [0.0010285160969942808, 0.001039949944242835, 0.0010375315323472023, 0.0010392217664048076, 0.0010495672468096018, 0.0010263773147016764, 0.0010302556911483407, 0.0010316022671759129, 0.0010272380895912647, 0.0010380714666098356], "test_loss_mean": 0.0010348331416025758, "_timestamp": 1706575509.6908312, "_runtime": 5.120254278182983, "_step": 199, "_wandb": {"runtime": 4}}