{"train_loss_per_position": [0.8316224217414856, 0.8224785327911377, 0.8550024032592773, 1.0119389295578003, 0.9591367244720459, 0.970350980758667, 0.8946346044540405, 0.9007270932197571, 0.845672070980072, 0.8410857319831848], "train_loss_mean": 0.8932649493217468, "test_loss_per_position": [0.8334628343582153, 0.8154220581054688, 0.8592065572738647, 1.0007588863372803, 0.9637662768363953, 0.9733151197433472, 0.9066005945205688, 0.9050855040550232, 0.8441770076751709, 0.8497539758682251], "test_loss_mean": 0.8951548933982849, "test_loss_initial": 0.8334628343582153, "test_loss_end": 0.8497539758682251, "percent_initial_loss": 1.202432632446289, "percent_end_loss": 1.6882394552230835, "_timestamp": 1706651206.6237981, "_runtime": 774.4625310897827, "_step": 9999, "_wandb": {"runtime": 771}}