{"train_loss_per_position": [0.8072134256362915, 0.8293713331222534, 0.834292471408844, 1.0349085330963135, 0.9365217685699463, 1.0132715702056885, 0.8813432455062866, 0.926331102848053, 0.8261209726333618, 0.8740254640579224], "train_loss_mean": 0.896340012550354, "test_loss_per_position": [0.8334628343582153, 0.8154220581054688, 0.8592065572738647, 1.0007588863372803, 0.9637662768363953, 0.9733151197433472, 0.9066005945205688, 0.9050855040550232, 0.8441770076751709, 0.8497539758682251], "test_loss_mean": 0.8951548933982849, "test_loss_initial": 0.8334628343582153, "test_loss_end": 0.8497539758682251, "percent_initial_loss": 1.202432632446289, "percent_end_loss": 1.6882394552230835, "_timestamp": 1706651032.8248599, "_runtime": 600.6635928153992, "_step": 7795}