{"train_loss_per_position": [0.6505557298660278, 0.6810206174850464, 0.6313197612762451, 0.6410898566246033, 0.5409854054450989, 0.6220880746841431, 0.5408424139022827, 0.6145568490028381, 0.5196210145950317, 0.6198864579200745], "train_loss_mean": 0.6061965823173523, "test_loss_per_position": [0.6943845152854919, 0.6534196138381958, 0.6441298723220825, 0.6150195002555847, 0.599431037902832, 0.5914894342422485, 0.589020848274231, 0.5810630321502686, 0.5795609354972839, 0.597270131111145], "test_loss_mean": 0.6144789457321167, "test_loss_initial": 0.6943845152854919, "test_loss_end": 0.597270131111145, "percent_initial_loss": 1.0017850399017334, "percent_end_loss": 1.1866198778152466, "_timestamp": 1706601349.111155, "_runtime": 243.5246341228485, "_step": 9999, "_wandb": {"runtime": 243}}