{"train_loss_per_position": [0.7066848278045654, 0.6796095967292786, 0.7066823244094849, 0.679610013961792, 0.7066866755485535, 0.6796132922172546, 0.7066842317581177, 0.6796083450317383, 0.7066837549209595, 0.6796106100082397], "train_loss_mean": 0.001025365898385644, "test_loss_per_position": [0.6931474208831787, 0.6931481957435608, 0.6931450366973877, 0.6931472420692444, 0.6931488513946533, 0.6931477189064026, 0.6931464672088623, 0.6931464672088623, 0.6931467056274414, 0.6931480169296265], "test_loss_mean": 0.0010253656655550003, "test_loss_initial": 0.7066848278045654, "test_loss_end": 0.6796106100082397, "_timestamp": 1706576134.2152178, "_runtime": 11.464855909347534, "_step": 199, "_wandb": {"runtime": 11}}