{"train_loss_per_position": [0.001096840300693689, 0.0009359722166906315, 0.001086285030579514, 0.0009538215766220007, 0.0010621706152110246, 0.0009502987106972699, 0.0010767783788818116, 0.0009473553826321555, 0.0010913809863526715, 0.0009601995471717525], "train_loss_mean": 0.001016110274553252, "test_loss_per_position": [0.0010266662645337394, 0.0010029954502370057, 0.0010184955877790148, 0.0010217885724204563, 0.001002995243525184, 0.0010089577721933334, 0.0010099878037096732, 0.0010164680592697375, 0.001025040993440338, 0.0010273058561670653], "test_loss_mean": 0.0010160701603275548, "_timestamp": 1706570117.50985, "_runtime": 10.600146055221558, "_step": 199, "_wandb": {"runtime": 10}}