{"train_loss_per_position": [0.6888042688369751, 0.6563667058944702, 0.643864631652832, 0.628702700138092, 0.6128778457641602, 0.6245980262756348, 0.6020479798316956, 0.6304434537887573, 0.6284428238868713, 0.6368849277496338], "train_loss_mean": 0.6353033185005188, "test_loss_per_position": [0.6945217847824097, 0.6542074680328369, 0.6487677097320557, 0.6356129050254822, 0.6191196441650391, 0.6263672113418579, 0.6134418249130249, 0.6231732964515686, 0.6231294870376587, 0.6321297883987427], "test_loss_mean": 0.6370471119880676, "test_loss_initial": 0.6888042688369751, "test_loss_end": 0.6368849277496338, "percent_initial_loss": 0.9937344789505005, "percent_end_loss": 1.2653241157531738, "_timestamp": 1706588624.299537, "_runtime": 25.138628005981445, "_step": 999, "_wandb": {"runtime": 24}}