{"train_loss_per_position": [0.0011936777736991644, 0.0009426294709555805, 0.001126340008340776, 0.0009973219130188227, 0.001130337594076991, 0.0009284214465878904, 0.0011192471720278263, 0.0009483793983235955, 0.0011296281591057777, 0.0009603073704056442], "train_loss_mean": 0.0010476290481165051, "test_loss_per_position": [0.0010973383905366063, 0.001043056952767074, 0.0010388391092419624, 0.0010728281922638416, 0.0010375696001574397, 0.001022570999339223, 0.001035404158756137, 0.0010908945696428418, 0.0010403575142845511, 0.0010566032724455], "test_loss_mean": 0.0010535463225096464, "_timestamp": 1706575335.184458, "_runtime": 9.008153915405273, "_step": 199, "_wandb": {"runtime": 7}}