{"train_loss_per_position": [0.7656888961791992, 0.6160566806793213, 0.7304195165634155, 0.5854200720787048, 0.6577406525611877, 0.5454283952713013, 0.6261671781539917, 0.515610933303833, 0.6071728467941284, 0.5493004322052002], "train_loss_mean": 0.619900643825531, "test_loss_per_position": [0.6997346878051758, 0.6551291942596436, 0.6464754343032837, 0.6155287027359009, 0.6010797619819641, 0.6013507843017578, 0.5872701406478882, 0.5913512706756592, 0.5861963033676147, 0.5857358574867249], "test_loss_mean": 0.6169852614402771, "test_loss_initial": 0.7656888961791992, "test_loss_end": 0.5493004322052002, "percent_initial_loss": 1.1046555042266846, "percent_end_loss": 1.0913165807724, "_timestamp": 1706579580.090178, "_runtime": 17.338690996170044, "_step": 999, "_wandb": {"runtime": 16}}