{"train_loss_per_position": [0.8499019145965576, 0.6964529752731323, 0.9472452998161316, 0.9764236807823181, 0.9362814426422119, 0.9166139960289001, 0.9130439758300781, 1.1211256980895996, 0.9705166816711426, 1.1236646175384521], "train_loss_mean": 0.0013981170486658812, "test_loss_per_position": [0.8860365152359009, 0.6857376098632812, 0.9568206071853638, 0.9472583532333374, 0.9206759929656982, 0.9020528793334961, 0.9887564182281494, 1.1351820230484009, 0.9799420833587646, 1.073675274848938], "test_loss_mean": 0.0014017954235896468, "test_loss_initial": 0.8499019145965576, "test_loss_end": 1.1236646175384521, "percent_initial_loss": 1.226149320602417, "percent_end_loss": 2.2324283123016357, "_timestamp": 1706576507.197633, "_runtime": 18.76365303993225, "_step": 199, "_wandb": {"runtime": 17}}