{"train_loss_per_position": [0.6734436750411987, 0.7111130952835083, 0.6738443374633789, 0.720856785774231, 0.6714202165603638, 0.7171906232833862, 0.6738001108169556, 0.7140525579452515, 0.6717956066131592, 0.7157115936279297], "train_loss_mean": 0.0010271047940477729, "test_loss_per_position": [0.6942672729492188, 0.6924024820327759, 0.6940046548843384, 0.6948046684265137, 0.6943086981773376, 0.6955975294113159, 0.6944116353988647, 0.6938822865486145, 0.6949681043624878, 0.6952681541442871], "test_loss_mean": 0.0010272064246237278, "test_loss_initial": 0.6734436750411987, "test_loss_end": 0.7157115936279297, "percent_initial_loss": 0.9715738296508789, "percent_end_loss": 1.4219322204589844, "_timestamp": 1706576889.8020248, "_runtime": 13.848220825195312, "_step": 199, "_wandb": {"runtime": 12}}