{"train_loss_per_position": [59047235551232.0, 52209660198912.0, 63536550117376.0, 54255973040128.0, 61105992892416.0, 55436489261056.0, 60049472880640.0, 51185281138688.0, 65797363859456.0, 49510336167936.0], "train_loss_mean": 57213435510784.0, "test_loss_per_position": [60481788182528.0, 58623208194048.0, 56423891337216.0, 57565085958144.0, 58582355673088.0, 57952790642688.0, 57046221193216.0, 56603927642112.0, 56618658037760.0, 57394948210688.0], "test_loss_mean": 57729288765440.0, "test_loss_initial": 59047235551232.0, "test_loss_end": 49510336167936.0, "percent_initial_loss": 85187153100800.0, "percent_end_loss": 98364121153536.0, "_timestamp": 1706586751.070772, "_runtime": 47.05069398880005, "_step": 999, "_wandb": {"runtime": 46}}