{"train_loss_per_position": [0.7364675402641296, 0.6498260498046875, 0.7364695072174072, 0.6498258113861084, 0.7364681959152222, 0.6498256325721741, 0.7364687919616699, 0.6498260498046875, 0.7364691495895386, 0.6498254537582397], "train_loss_mean": 0.0010253656655550003, "test_loss_per_position": [0.6931470632553101, 0.6931470632553101, 0.6931472420692444, 0.6931471228599548, 0.6931470632553101, 0.6931470632553101, 0.6931471824645996, 0.6931471824645996, 0.6931471824645996, 0.6931470632553101], "test_loss_mean": 0.0010253655491396785, "test_loss_initial": 0.7364675402641296, "test_loss_end": 0.6498254537582397, "percent_initial_loss": 1.0624980926513672, "percent_end_loss": 1.2910336256027222, "_timestamp": 1706576600.038574, "_runtime": 28.499266862869263, "_step": 199, "_wandb": {"runtime": 28}}