{"train_loss_per_position": [0.6914836764335632, 0.6947736144065857, 0.691452145576477, 0.6948652267456055, 0.6914070844650269, 0.6948186159133911, 0.6915227174758911, 0.6948381662368774, 0.6914266347885132, 0.694800615310669], "train_loss_mean": 0.6931388974189758, "test_loss_per_position": [0.6931439638137817, 0.6931198835372925, 0.6932240724563599, 0.6931519508361816, 0.6930959224700928, 0.6931359767913818, 0.6931760311126709, 0.6931759715080261, 0.693168044090271, 0.6931279897689819], "test_loss_mean": 0.6931519508361816, "test_loss_initial": 0.6914836764335632, "test_loss_end": 0.694800615310669, "percent_initial_loss": 0.9976000785827637, "percent_end_loss": 1.380387544631958, "_timestamp": 1706577900.298783, "_runtime": 54.30431318283081, "_step": 999, "_wandb": {"runtime": 40}}