{"train_loss_per_position": [0.689113974571228, 0.6969422698020935, 0.6887491941452026, 0.697066068649292, 0.688971221446991, 0.6973458528518677, 0.688949704170227, 0.697195291519165, 0.6890607476234436, 0.6972443461418152], "train_loss_mean": 0.6930639147758484, "test_loss_per_position": [0.6931284666061401, 0.692956805229187, 0.6929125785827637, 0.6931853890419006, 0.6929442882537842, 0.6931858062744141, 0.6930233240127563, 0.6930882334709167, 0.6931774616241455, 0.6931116580963135], "test_loss_mean": 0.6930713653564453, "test_loss_initial": 0.689113974571228, "test_loss_end": 0.6972443461418152, "percent_initial_loss": 0.9941812753677368, "percent_end_loss": 1.3852425813674927, "_timestamp": 1706579864.783652, "_runtime": 45.78245210647583, "_step": 999, "_wandb": {"runtime": 44}}