{"train_loss_per_position": [0.6596344113349915, 0.7310701608657837, 0.6705503463745117, 0.8151993751525879, 0.6671922206878662, 0.7328072786331177, 0.6664626598358154, 0.7402286529541016, 0.6815379858016968, 0.7353312969207764], "train_loss_mean": 0.0010502979857847095, "test_loss_per_position": [0.6947649717330933, 0.6941932439804077, 0.7030556797981262, 0.7749204635620117, 0.7031533718109131, 0.6952816843986511, 0.721007227897644, 0.7018659710884094, 0.7226147651672363, 0.6965928077697754], "test_loss_mean": 0.0010513979941606522, "test_loss_initial": 0.6596344113349915, "test_loss_end": 0.7353312969207764, "_timestamp": 1706576082.3934221, "_runtime": 5.716013193130493, "_step": 199, "_wandb": {"runtime": 4}}