{"train_loss_per_position": [0.000989603460766375, 0.0010155991185456514, 0.0009332624031230807, 0.0010174702620133758, 0.0009726855787448585, 0.0010556953493505716, 0.0010000546462833881, 0.0010491630528122187, 0.001007721060886979, 0.001075565000064671], "train_loss_mean": 0.0010116819757968187, "test_loss_per_position": [0.0010262548457831144, 0.0009827986359596252, 0.0009777889354154468, 0.0009897910058498383, 0.0010282555595040321, 0.001024095807224512, 0.0010395299177616835, 0.0010234602959826589, 0.0010300206486135721, 0.0010502852965146303], "test_loss_mean": 0.0010172281181439757, "_timestamp": 1706575788.2971032, "_runtime": 38.44001817703247, "_step": 199, "_wandb": {"runtime": 75}}