{"train_loss_per_position": [0.6930184364318848, 0.7638276815414429, 0.7326604127883911, 0.713915228843689, 0.7324410080909729, 0.7141807079315186, 0.7480563521385193, 0.7509763240814209, 0.7601107954978943, 0.6912918090820312], "train_loss_mean": 0.0010799524607136846, "test_loss_per_position": [0.7135308980941772, 0.7399259805679321, 0.7232216596603394, 0.7155912518501282, 0.7327188849449158, 0.7156349420547485, 0.7265545129776001, 0.7410664558410645, 0.7142949104309082, 0.7744437456130981], "test_loss_mean": 0.0010794353438541293, "test_loss_initial": 0.6930184364318848, "test_loss_end": 0.6912918090820312, "_timestamp": 1706576110.92287, "_runtime": 13.505882024765015, "_step": 199, "_wandb": {"runtime": 10}}