{"train_loss_per_position": [15322797.0, 18812904.0, 18335740.0, 22941572.0, 19590042.0, 20474468.0, 20271768.0, 19494484.0, 20357252.0, 19980558.0], "train_loss_mean": 19558158.0, "test_loss_per_position": [13702139.0, 17879220.0, 20552492.0, 21755494.0, 20270414.0, 20447766.0, 20321120.0, 20653926.0, 21144480.0, 20214102.0], "test_loss_mean": 19694116.0, "test_loss_initial": 15322797.0, "test_loss_end": 19980558.0, "percent_initial_loss": 22106122.0, "percent_end_loss": 39696156.0, "_timestamp": 1706579536.373023, "_runtime": 25.464088916778564, "_step": 999, "_wandb": {"runtime": 24}}