{"train_loss_per_position": [0.0009357769158668816, 0.0011416651541367173, 0.0009273011237382889, 0.0011307024396955967, 0.0009247424313798547, 0.0011255291756242514, 0.0009605313534848392, 0.0011308521497994661, 0.0009295534691773355, 0.001120305503718555], "train_loss_mean": 0.001032695872709155, "test_loss_per_position": [0.0010265724267810583, 0.0010395939461886883, 0.0010373267577961087, 0.0010341451270505786, 0.0010304275201633573, 0.001027810387313366, 0.0010397873120382428, 0.001033434527926147, 0.001027883030474186, 0.0010262661380693316], "test_loss_mean": 0.001032324624247849, "_timestamp": 1706575557.6516402, "_runtime": 36.846684217453, "_step": 199, "_wandb": {"runtime": 36}}