{"train_loss_per_position": [0.6715393662452698, 0.7139041423797607, 0.6696807742118835, 0.7135066986083984, 0.6701109409332275, 0.7133392691612244, 0.6700859665870667, 0.7137303948402405, 0.6718323230743408, 0.7149906158447266], "train_loss_mean": 0.6922720670700073, "test_loss_per_position": [0.6931563019752502, 0.6905315518379211, 0.6913926601409912, 0.6922179460525513, 0.6928075551986694, 0.6927084922790527, 0.6935383081436157, 0.6933528184890747, 0.692752480506897, 0.6933544874191284], "test_loss_mean": 0.692581295967102, "test_loss_initial": 0.6715393662452698, "test_loss_end": 0.7149906158447266, "percent_initial_loss": 0.9688264727592468, "percent_end_loss": 1.4204998016357422, "_timestamp": 1706586698.09921, "_runtime": 13.95584511756897, "_step": 999, "_wandb": {"runtime": 13}}