{"train_loss_per_position": [0.7267780303955078, 0.6609675288200378, 0.7259536981582642, 0.6606927514076233, 0.7258163094520569, 0.6619292497634888, 0.7265032529830933, 0.660555362701416, 0.726365864276886, 0.6595936417579651], "train_loss_mean": 0.6935155987739563, "test_loss_per_position": [0.6931629776954651, 0.6930942535400391, 0.6933919787406921, 0.6931858658790588, 0.6930255889892578, 0.6931400895118713, 0.6932545900344849, 0.6932545900344849, 0.6932317018508911, 0.6931172013282776], "test_loss_mean": 0.6931859254837036, "test_loss_initial": 0.6931629776954651, "test_loss_end": 0.6931172013282776, "percent_initial_loss": 1.0000227689743042, "percent_end_loss": 1.3770430088043213, "_timestamp": 1706656359.005368, "_runtime": 3857.8029460906982, "_step": 6154, "_wandb": {"runtime": 3856}}