{"train_loss_per_position": [0.6170535087585449, 0.7687956094741821, 0.6174547672271729, 0.7690249085426331, 0.6175694465637207, 0.7694834470748901, 0.6169388890266418, 0.7687955498695374, 0.6171681880950928, 0.768852949142456], "train_loss_mean": 0.6931137442588806, "test_loss_per_position": [0.6931633949279785, 0.6931920647621155, 0.6930679082870483, 0.6931538581848145, 0.6932207345962524, 0.6931729316711426, 0.6931251883506775, 0.6931251883506775, 0.6931347250938416, 0.6931825280189514], "test_loss_mean": 0.6931538581848145, "test_loss_initial": 0.6931633949279785, "test_loss_end": 0.6931825280189514, "percent_initial_loss": 1.000023365020752, "percent_end_loss": 1.377172827720642, "_timestamp": 1706653653.091734, "_runtime": 1151.889312028885, "_step": 1851}