{"train_loss_per_position": [0.8451012969017029, 0.5414127707481384, 0.8435644507408142, 0.5409936308860779, 0.8449615836143494, 0.5429495573043823, 0.8437042236328125, 0.5408539772033691, 0.8451012969017029, 0.5419715642929077], "train_loss_mean": 0.6930614709854126, "test_loss_per_position": [0.6931638717651367, 0.6930940747261047, 0.6933967471122742, 0.6931872367858887, 0.693024218082428, 0.6931406259536743, 0.6932570934295654, 0.6932570934295654, 0.6932337880134583, 0.6931173801422119], "test_loss_mean": 0.6931871771812439, "test_loss_initial": 0.6931638717651367, "test_loss_end": 0.6931173801422119, "percent_initial_loss": 1.0000240802764893, "percent_end_loss": 1.37704336643219, "_timestamp": 1706653309.233817, "_runtime": 808.0313951969147, "_step": 1301}