{"train_loss_per_position": [0.7093004584312439, 0.6769835948944092, 0.7093474864959717, 0.6768727898597717, 0.7095673084259033, 0.6767913699150085, 0.7094417214393616, 0.6768552660942078, 0.7094478011131287, 0.67690110206604], "train_loss_mean": 0.6931509375572205, "test_loss_per_position": [0.6931543350219727, 0.6931697726249695, 0.6931003928184509, 0.6931494474411011, 0.6931865215301514, 0.6931601762771606, 0.6931326985359192, 0.6931328177452087, 0.6931391954421997, 0.6931654214859009], "test_loss_mean": 0.6931490898132324, "test_loss_initial": 0.7093004584312439, "test_loss_end": 0.67690110206604, "percent_initial_loss": 1.0233042240142822, "percent_end_loss": 1.3448258638381958, "_timestamp": 1706586069.248443, "_runtime": 16.33243680000305, "_step": 999, "_wandb": {"runtime": 16}}