{"train_loss_per_position": [0.6606550216674805, 0.7257060408592224, 0.660613477230072, 0.7256382703781128, 0.6607142090797424, 0.7256710529327393, 0.6606217622756958, 0.7256237268447876, 0.6606482267379761, 0.7256221175193787], "train_loss_mean": 0.0010253718355670571, "test_loss_per_position": [0.6931487321853638, 0.6931538581848145, 0.6931099891662598, 0.6931501626968384, 0.6931686997413635, 0.6931582093238831, 0.6931314468383789, 0.6931344270706177, 0.6931477785110474, 0.6931570768356323], "test_loss_mean": 0.001025363919325173, "test_loss_initial": 0.6606550216674805, "test_loss_end": 0.7256221175193787, "percent_initial_loss": 0.9531236886978149, "percent_end_loss": 1.4416217803955078, "_timestamp": 1706576638.664132, "_runtime": 4.739203214645386, "_step": 199, "_wandb": {"runtime": 4}}