{"train_loss_per_position": [600855085056.0, 602253754368.0, 637365911552.0, 612207230976.0, 647420051456.0, 591980658688.0, 707569516544.0, 688483532800.0, 679150878720.0, 688513417216.0], "train_loss_mean": 955000064.0, "test_loss_per_position": [610839494656.0, 605402955776.0, 601046908928.0, 620219203584.0, 627541016576.0, 636482093056.0, 661112750080.0, 660919549952.0, 649098756096.0, 698063454208.0], "test_loss_mean": 942415104.0, "test_loss_initial": 600855085056.0, "test_loss_end": 688513417216.0, "percent_initial_loss": 866850635776.0, "percent_end_loss": 1367896489984.0, "_timestamp": 1706577388.4794729, "_runtime": 20.20958685874939, "_step": 181, "_wandb": {"runtime": 15}}