{"train_loss_per_position": [0.0010673123179003596, 0.0009833388030529022, 0.0010674825171008706, 0.0009832713985815644, 0.0010673794895410538, 0.0009832991054281592, 0.0010674032382667065, 0.0009833823423832655, 0.0010673875221982598, 0.000983291189186275], "train_loss_mean": 0.0010253548389300704, "test_loss_per_position": [0.0010253724176436663, 0.0010253882501274347, 0.0010253195650875568, 0.0010253670625388622, 0.0010254040826112032, 0.0010253776563331485, 0.0010253512300550938, 0.0010253512300550938, 0.001025356468744576, 0.0010253828950226307], "test_loss_mean": 0.0010253670625388622, "_timestamp": 1706575575.863153, "_runtime": 9.684607028961182, "_step": 199, "_wandb": {"runtime": 7}}