{"train_loss_per_position": [19.57978057861328, 4129.9384765625, 2334.6787109375, 2724.704345703125, 3518.80712890625, 3069.813720703125, 3416.739013671875, 3883.7392578125, 4736.9404296875, 5266.3251953125], "train_loss_mean": 3310.126708984375, "test_loss_per_position": [20.102005004882812, 3844.818359375, 2553.9091796875, 2732.3642578125, 3358.48095703125, 3144.87060546875, 3748.58544921875, 3769.79345703125, 5243.32421875, 5129.4501953125], "test_loss_mean": 3354.570068359375, "test_loss_initial": 19.57978057861328, "test_loss_end": 5266.3251953125, "percent_initial_loss": 28.247652053833008, "percent_end_loss": 10462.8134765625, "_timestamp": 1706579943.486946, "_runtime": 70.41013503074646, "_step": 999, "_wandb": {"runtime": 70}}