{"train_loss_per_position": [0.0009977980516850948, 0.0010512867011129856, 0.0009977108566090465, 0.0010522191878408194, 0.0009984035277739167, 0.0010529652936384082, 0.0010075768223032355, 0.0010527927661314607, 0.0009992073755711317, 0.0010525896213948727], "train_loss_mean": 0.0010262549621984363, "test_loss_per_position": [0.0010253224754706025, 0.0010259139817208052, 0.0010251036146655679, 0.001025430508889258, 0.0010253264335915446, 0.0010257906978949904, 0.001030794228427112, 0.0010264447191730142, 0.0010271321516484022, 0.0010253224754706025], "test_loss_mean": 0.0010262582218274474, "_timestamp": 1706575495.949518, "_runtime": 7.38780403137207, "_step": 199, "_wandb": {"runtime": 7}}