{"train_loss_per_position": [0.69283527135849, 0.6454726457595825, 0.6715866923332214, 0.6801127791404724, 0.6639159917831421, 0.6873470544815063, 0.6834633350372314, 0.6890285611152649, 0.6833959817886353, 0.6916136741638184], "train_loss_mean": 0.6788772344589233, "test_loss_per_position": [0.6942237019538879, 0.6538228988647461, 0.6709441542625427, 0.6740765571594238, 0.6735096573829651, 0.6827144026756287, 0.6839025020599365, 0.6874990463256836, 0.6871292591094971, 0.6893165707588196], "test_loss_mean": 0.6797139048576355, "test_loss_initial": 0.69283527135849, "test_loss_end": 0.6916136741638184, "percent_initial_loss": 0.9995499849319458, "percent_end_loss": 1.3740558624267578, "_timestamp": 1706588594.271497, "_runtime": 16.167895078659058, "_step": 999, "_wandb": {"runtime": 15}}