{"train_loss_per_position": [0.6893495321273804, 0.6626868844032288, 0.6373356580734253, 0.6139237880706787, 0.5871239304542542, 0.5986431241035461, 0.5661964416503906, 0.5831707715988159, 0.5661907196044922, 0.5852963924407959], "train_loss_mean": 0.6089917421340942, "test_loss_per_position": [0.6987988352775574, 0.655931830406189, 0.648719072341919, 0.6160699725151062, 0.5957264304161072, 0.5911052227020264, 0.5767343044281006, 0.5702725648880005, 0.5694046020507812, 0.5790539383888245], "test_loss_mean": 0.6101817488670349, "test_loss_initial": 0.6987988352775574, "test_loss_end": 0.5790539383888245, "percent_initial_loss": 1.0081535577774048, "percent_end_loss": 1.1504290103912354, "_timestamp": 1706610381.0288188, "_runtime": 433.8569247722626, "_step": 9999, "_wandb": {"runtime": 433}}