{"train_loss_per_position": [0.6961545348167419, 0.6534359455108643, 0.6447643041610718, 0.6401275396347046, 0.6408638954162598, 0.6441266536712646, 0.6513139009475708, 0.6428027153015137, 0.6344758868217468, 0.6428009867668152], "train_loss_mean": 0.6490866541862488, "test_loss_per_position": [0.6934473514556885, 0.6547647714614868, 0.6439036130905151, 0.6443569660186768, 0.6359431147575378, 0.6446109414100647, 0.6494184732437134, 0.6394174695014954, 0.6322992444038391, 0.6426742076873779], "test_loss_mean": 0.6480836272239685, "test_loss_initial": 0.6961545348167419, "test_loss_end": 0.6428009867668152, "percent_initial_loss": 1.0043386220932007, "percent_end_loss": 1.2770777940750122, "_timestamp": 1706588733.1265652, "_runtime": 26.166487216949463, "_step": 999, "_wandb": {"runtime": 25}}