{"train_loss_per_position": [0.7090883255004883, 0.6392892003059387, 0.6451526880264282, 0.5961799621582031, 0.6043137311935425, 0.5658749938011169, 0.5598182678222656, 0.5224943161010742, 0.5422968864440918, 0.5070710182189941], "train_loss_mean": 0.5891579985618591, "test_loss_per_position": [0.6939612627029419, 0.6537549495697021, 0.6428816318511963, 0.610055685043335, 0.5893062949180603, 0.577168345451355, 0.5487492084503174, 0.5394294857978821, 0.5369282364845276, 0.5304751992225647], "test_loss_mean": 0.5922710299491882, "test_loss_initial": 0.6939612627029419, "test_loss_end": 0.5304751992225647, "percent_initial_loss": 1.0011744499206543, "percent_end_loss": 1.0539157390594482, "_timestamp": 1706591140.279348, "_runtime": 379.68930888175964, "_step": 6244, "_wandb": {"runtime": 379}}