{"train_loss_per_position": [0.6896204948425293, 0.6666920185089111, 0.6667145490646362, 0.5869585275650024, 0.5879494547843933, 0.5610597133636475, 0.5440362095832825, 0.5527922511100769, 0.5189552307128906, 0.5114939212799072], "train_loss_mean": 0.588627278804779, "test_loss_per_position": [0.6932603120803833, 0.6532061100006104, 0.6430683135986328, 0.6112462282180786, 0.5901079773902893, 0.5746318697929382, 0.5402157306671143, 0.5329920053482056, 0.5137701034545898, 0.510149359703064], "test_loss_mean": 0.5862647891044617, "test_loss_initial": 0.6932603120803833, "test_loss_end": 0.510149359703064, "percent_initial_loss": 1.000163197517395, "percent_end_loss": 1.013533592224121, "_timestamp": 1706601880.117932, "_runtime": 520.8862521648407, "_step": 9999, "_wandb": {"runtime": 520}}