{"train_loss_per_position": [0.6993150115013123, 0.6865053772926331, 0.7028577923774719, 0.686813473701477, 0.7043415904045105, 0.6795650720596313, 0.7038322687149048, 0.6808668375015259, 0.7039248943328857, 0.6851469278335571], "train_loss_mean": 0.0010256166569888592, "test_loss_per_position": [0.6952455043792725, 0.6951881647109985, 0.6916275024414062, 0.6949374675750732, 0.6957389116287231, 0.6931207776069641, 0.6949968338012695, 0.6954494714736938, 0.6920589804649353, 0.6946877241134644], "test_loss_mean": 0.0010270786006003618, "test_loss_initial": 0.6993150115013123, "test_loss_end": 0.6851469278335571, "percent_initial_loss": 1.0088982582092285, "percent_end_loss": 1.361208200454712, "_timestamp": 1706577556.87043, "_runtime": 157.48299407958984, "_step": 194, "_wandb": {"runtime": 156}}