{"train_loss_per_position": [223.6137435281065, 162.19178762943787, 238.64257234652368, 146.6237287352071, 329.9846465883876, 351.11173839681953, 364.641653568787, 150.9175122503698, 252.44983126849112, 101.79404354659763], "train_loss_mean": 232.19712578587277, "test_loss_per_position": [193.0052156768137, 192.8916209444727, 205.29190033380334, 213.97016789362985, 217.6703843938764, 219.40741364067128, 226.84978838738138, 224.60626485549957, 218.42056617511093, 222.2607224443726], "test_loss_mean": 213.4374044745632, "_timestamp": 1706569480.5441642, "_runtime": 87.16370606422424, "_step": 199, "_wandb": {"runtime": 86}}