{"epoch": 15, "training loss": NaN, "overall accuracy": 0.495833861331145, "last bit accuracy": 0.49564002081751823, "last bit loss": NaN, "_timestamp": 1706568105.12834, "_runtime": 113404.06103110313, "_step": 15, "_wandb": {"runtime": 114180}}