{"train_loss_per_position": [2744342020096.0, 2330293698560.0, 2033624547328.0, 2117105090560.0, 2063408824320.0, 2100483325952.0, 1960908947456.0, 2033606721536.0, 1974638739456.0, 2010285342720.0], "train_loss_mean": 3161049600.0, "test_loss_per_position": [2812595404800.0, 2246734512128.0, 2073949503488.0, 2099856015360.0, 2091885789184.0, 2049775763456.0, 2005314306048.0, 2008564891648.0, 2015686819840.0, 1992031600640.0], "test_loss_mean": 3165147136.0, "test_loss_initial": 2744342020096.0, "test_loss_end": 2010285342720.0, "percent_initial_loss": 3959248650240.0, "percent_end_loss": 3993912475648.0, "_timestamp": 1706577146.244046, "_runtime": 16.097277879714966, "_step": 199, "_wandb": {"runtime": 12}}