{"train_loss_per_position": [2034158010368.0, 2774909845504.0, 2228280885248.0, 2515519668224.0, 2155658084352.0, 2557969170432.0, 2438979911680.0, 2682768588800.0, 2274076655616.0, 2555991818240.0], "train_loss_mean": 2421831499776.0, "test_loss_per_position": [2370363981824.0, 2400125452288.0, 2324591542272.0, 2421402894336.0, 2478606123008.0, 2441317187584.0, 2422567337984.0, 2431846973440.0, 2429924147200.0, 2465949810688.0], "test_loss_mean": 2418669518848.0, "test_loss_initial": 2034158010368.0, "test_loss_end": 2555991818240.0, "percent_initial_loss": 2934669574144.0, "percent_end_loss": 5078088941568.0, "_timestamp": 1706586238.79954, "_runtime": 55.874788999557495, "_step": 493, "_wandb": {"runtime": 55}}