{"train_loss_per_position": [0.6633596420288086, 0.7229198217391968, 0.6633696556091309, 0.7229530811309814, 0.663362979888916, 0.7229313850402832, 0.6633623838424683, 0.7229342460632324, 0.6633580327033997, 0.7229430675506592], "train_loss_mean": 0.0010253689251840115, "test_loss_per_position": [0.6931464672088623, 0.6931442618370056, 0.6931538581848145, 0.6931471824645996, 0.6931420564651489, 0.693145751953125, 0.6931493878364563, 0.6931494474411011, 0.693148672580719, 0.6931450366973877], "test_loss_mean": 0.0010253656655550003, "test_loss_initial": 0.6633596420288086, "test_loss_end": 0.7229430675506592, "percent_initial_loss": 0.9570256471633911, "percent_end_loss": 1.436299204826355, "_timestamp": 1706577082.525007, "_runtime": 19.56515407562256, "_step": 199, "_wandb": {"runtime": 19}}