{"train_loss_per_position": [0.6871592402458191, 0.6726560592651367, 0.6806265115737915, 0.63606858253479, 0.6445302963256836, 0.6430199146270752, 0.5925607681274414, 0.591229259967804, 0.5868389010429382, 0.6271452903747559], "train_loss_mean": 0.6361834406852722, "test_loss_per_position": [0.6957666277885437, 0.6636295914649963, 0.6489158868789673, 0.6240167021751404, 0.6034994125366211, 0.6203186511993408, 0.6108081936836243, 0.6030911803245544, 0.5931559205055237, 0.615710973739624], "test_loss_mean": 0.6278913617134094, "test_loss_initial": 0.6957666277885437, "test_loss_end": 0.615710973739624, "percent_initial_loss": 1.0037790536880493, "percent_end_loss": 1.223257064819336, "_timestamp": 1706610865.772928, "_runtime": 479.1129059791565, "_step": 9999, "_wandb": {"runtime": 478}}