{"train_loss_per_position": [52985740.0, 49558872.0, 43453476.0, 55596816.0, 45045320.0, 69406304.0, 57395104.0, 61323760.0, 91176848.0, 81697752.0], "train_loss_mean": 60763996.0, "test_loss_per_position": [55488264.0, 52078844.0, 42396272.0, 57776784.0, 42966632.0, 67748632.0, 62542656.0, 62622924.0, 84884848.0, 76833616.0], "test_loss_mean": 60533948.0, "test_loss_initial": 52985740.0, "test_loss_end": 81697752.0, "percent_initial_loss": 76442264.0, "percent_end_loss": 162312112.0, "_timestamp": 1706584058.593023, "_runtime": 4050.4752571582794, "_step": 999, "_wandb": {"runtime": 4049}}