{"train_loss_per_position": [0.6954267621040344, 0.6903011798858643, 0.6966954469680786, 0.6907361745834351, 0.6954993009567261, 0.6910623908042908, 0.6955355405807495, 0.6906999349594116, 0.6957529783248901, 0.6897937059402466], "train_loss_mean": 0.6931503415107727, "test_loss_per_position": [0.6931661367416382, 0.6930935382843018, 0.6934077143669128, 0.6931902170181274, 0.6930211186408997, 0.6931419372558594, 0.6932626962661743, 0.6932627558708191, 0.6932386159896851, 0.6931177377700806], "test_loss_mean": 0.6931902766227722, "test_loss_initial": 0.6931661367416382, "test_loss_end": 0.6931177377700806, "percent_initial_loss": 1.0000272989273071, "percent_end_loss": 1.3770440816879272, "_timestamp": 1706636578.7494771, "_runtime": 1531.9937341213226, "_step": 9999, "_wandb": {"runtime": 1530}}